CaseMasterID,CrimeNo,CaseNo,CrimeRegisteredDate,PolicePersonID,PoliceStationID,CaseCategoryID,GravityOffenceID,CrimeMajorHeadID,CrimeMinorHeadID,CaseStatusID,CourtID,IncidentFromDate,IncidentToDate,InfoReceivedPSDate,latitude,longitude,BriefFacts
1,100060022202500001,202500001,2025-08-24,110,22,1,2,7,24,7,7,2025-08-23T21:48:22.694407,2025-08-24T22:48:22.694407,2025-08-24T20:48:22.694407,13.845481,78.182897,"On 23-Aug-2025, a case of criminal breach of trust was reported near Dakshina East PS. Investigation initiated under 100060022202500001."
2,100060022202500001,202500001,2025-02-01,81,22,3,2,7,24,3,5,2025-01-30T08:47:21.588576,2025-02-01T23:47:21.588576,2025-01-31T02:47:21.588576,13.82519,78.151442,"On 30-Jan-2025, a case of criminal breach of trust was reported near Dakshina East PS. Investigation initiated under 100060022202500001."
3,100070030202400001,202400001,2024-03-04,89,30,3,2,3,10,2,5,2024-03-02T22:35:12.400558,2024-03-04T19:35:12.400558,2024-03-03T17:35:12.400558,14.001515,78.340803,"On 02-Mar-2024, a case of dowry harassment was reported near Kalaburagi Rural PS. Investigation initiated under 100070030202400001."
4,100030009202500001,202500001,2025-02-06,117,9,1,2,1,3,4,5,2025-02-06T16:48:44.411577,2025-02-06T21:48:44.411577,2025-02-07T11:48:44.411577,13.408086,77.857741,"On 06-Feb-2025, a case of grievous hurt was reported near Mysuru North PS. Investigation initiated under 100030009202500001."
5,100060024202400001,202400001,2024-08-11,34,24,1,2,7,23,1,10,2024-08-10T15:06:48.977233,2024-08-11T07:06:48.977233,2024-08-11T06:06:48.977233,13.858459,78.219501,"On 10-Aug-2024, a case of cheating was reported near Dakshina Traffic PS. Investigation initiated under 100060024202400001."
6,100050018202500001,202500001,2025-12-10,70,18,1,2,6,21,2,6,2025-12-09T15:03:57.107964,2025-12-10T22:03:57.107964,2025-12-10T03:03:57.107964,13.681535,78.113168,"On 09-Dec-2025, a case of ndps - possession was reported near Ballari CEN Crime PS. Investigation initiated under 100050018202500001."
7,100030010202500001,202500001,2025-11-16,31,10,4,2,5,18,1,10,2025-11-16T10:53:25.090523,2025-11-16T14:53:25.090523,2025-11-16T15:53:25.090523,13.373086,77.923598,"On 16-Nov-2025, a case of hacking was reported near Mysuru Town PS. Investigation initiated under 100030010202500001."
8,100090034202400001,202400001,2024-07-29,117,34,1,1,1,1,7,8,2024-07-27T17:51:04.565846,2024-07-29T21:51:04.565846,2024-07-28T07:51:04.565846,14.34021,78.493627,"On 27-Jul-2024, a case of murder was reported near Shivamogga Cyber Crime PS. Investigation initiated under 100090034202400001."
9,100020006202400001,202400001,2024-09-05,46,6,1,2,6,21,2,7,2024-09-02T22:00:29.173947,2024-09-05T22:00:29.173947,2024-09-03T16:00:29.173947,13.254565,77.756823,"On 02-Sep-2024, a case of ndps - possession was reported near Bengaluru Rural PS. Investigation initiated under 100020006202400001."
10,100100040202400001,202400001,2024-01-25,45,40,1,2,1,3,1,1,2024-01-24T03:14:30.117479,2024-01-25T14:14:30.117479,2024-01-25T02:14:30.117479,14.497841,78.636754,"On 24-Jan-2024, a case of grievous hurt was reported near Hubballi-Dharwad Rural PS. Investigation initiated under 100100040202400001."
11,100100038202400001,202400001,2024-08-18,99,38,1,2,5,17,1,3,2024-08-17T17:43:09.435550,2024-08-18T01:43:09.435550,2024-08-17T18:43:09.435550,14.442042,78.639132,"On 17-Aug-2024, a case of online financial fraud was reported near Hubballi-Dharwad Rural PS. Investigation initiated under 100100038202400001."
12,100020008202500001,202500001,2025-07-20,109,8,1,2,6,21,5,2,2025-07-18T04:47:41.464888,2025-07-20T15:47:41.464888,2025-07-19T03:47:41.464888,13.313577,77.753413,"On 18-Jul-2025, a case of ndps - possession was reported near Bengaluru Rural PS. Investigation initiated under 100020008202500001."
13,100030013202500001,202500001,2025-07-06,58,13,1,2,3,10,1,10,2025-07-03T21:46:45.317136,2025-07-06T13:46:45.317136,2025-07-04T12:46:45.317136,13.447045,77.920588,"On 03-Jul-2025, a case of dowry harassment was reported near Mysuru Central PS. Investigation initiated under 100030013202500001."
14,100070029202500001,202500001,2025-09-27,57,29,1,2,6,21,2,9,2025-09-26T21:09:37.579059,2025-09-27T20:09:37.579059,2025-09-26T23:09:37.579059,13.996374,78.288376,"On 26-Sep-2025, a case of ndps - possession was reported near Kalaburagi West PS. Investigation initiated under 100070029202500001."
15,100090034202600001,202600001,2026-01-23,99,34,1,2,7,25,2,8,2026-01-21T02:40:44.004841,2026-01-23T01:40:44.004841,2026-01-21T12:40:44.004841,14.289626,78.466019,"On 21-Jan-2026, a case of forgery was reported near Shivamogga Cyber Crime PS. Investigation initiated under 100090034202600001."
16,100070029202400001,202400001,2024-11-06,57,29,1,2,4,15,7,8,2024-11-03T20:20:11.757047,2024-11-06T09:20:11.757047,2024-11-04T03:20:11.757047,14.008384,78.339313,"On 03-Nov-2024, a case of child trafficking was reported near Kalaburagi West PS. Investigation initiated under 100070029202400001."
17,100070028202500001,202500001,2025-09-21,31,28,1,2,4,15,6,7,2025-09-21T16:03:25.998500,2025-09-21T20:03:25.998500,2025-09-22T06:03:25.998500,13.976926,78.294801,"On 21-Sep-2025, a case of child trafficking was reported near Kalaburagi Central PS. Investigation initiated under 100070028202500001."
18,100020008202400001,202400001,2024-11-16,9,8,2,2,4,15,1,2,2024-11-15T13:25:43.782308,2024-11-16T20:25:43.782308,2024-11-16T03:25:43.782308,13.285495,77.806881,"On 15-Nov-2024, a case of child trafficking was reported near Bengaluru Rural PS. Investigation initiated under 100020008202400001."
19,100100041202500001,202500001,2025-10-19,100,41,1,2,6,21,1,8,2025-10-16T21:28:17.198634,2025-10-19T19:28:17.198634,2025-10-17T08:28:17.198634,14.502951,78.562109,"On 16-Oct-2025, a case of ndps - possession was reported near Hubballi-Dharwad CEN Crime PS. Investigation initiated under 100100041202500001."
20,100070029202400001,202400001,2024-06-12,67,29,3,2,7,24,7,5,2024-06-09T23:36:59.429470,2024-06-12T15:36:59.429470,2024-06-10T22:36:59.429470,14.021352,78.337031,"On 09-Jun-2024, a case of criminal breach of trust was reported near Kalaburagi West PS. Investigation initiated under 100070029202400001."
21,100010004202600001,202600001,2026-05-08,101,4,1,2,7,24,2,8,2026-05-07T09:00:00.021817,2026-05-08T06:00:00.021817,2026-05-07T10:00:00.021817,13.085878,77.705357,"On 07-May-2026, a case of criminal breach of trust was reported near Bengaluru Central PS. Investigation initiated under 100010004202600001."
22,100100040202400002,202400002,2024-04-18,12,40,1,2,8,26,1,6,2024-04-17T14:40:04.057264,2024-04-18T00:40:04.057264,2024-04-18T05:40:04.057264,14.438866,78.615937,"On 17-Apr-2024, a case of rioting was reported near Hubballi-Dharwad Rural PS. Investigation initiated under 100100040202400002."
23,100080031202400001,202400001,2024-05-23,67,31,1,2,7,25,1,6,2024-05-21T12:39:56.375714,2024-05-23T05:39:56.375714,2024-05-22T09:39:56.375714,14.129017,78.391183,"On 21-May-2024, a case of forgery was reported near Tumakuru North PS. Investigation initiated under 100080031202400001."
24,100100038202500001,202500001,2025-09-20,74,38,1,2,6,21,5,5,2025-09-20T12:57:19.512205,2025-09-20T16:57:19.512205,2025-09-20T15:57:19.512205,14.426146,78.608745,"On 20-Sep-2025, a case of ndps - possession was reported near Hubballi-Dharwad Rural PS. Investigation initiated under 100100038202500001."
25,100050018202400001,202400001,2024-02-24,116,18,1,2,3,10,1,3,2024-02-22T07:21:26.671965,2024-02-24T09:21:26.671965,2024-02-23T03:21:26.671965,13.713413,78.140869,"On 22-Feb-2024, a case of dowry harassment was reported near Ballari CEN Crime PS. Investigation initiated under 100050018202400001."
26,100060026202500001,202500001,2025-06-09,36,26,1,2,4,15,2,10,2025-06-09T02:53:38.396346,2025-06-09T12:53:38.396346,2025-06-09T15:53:38.396346,13.872026,78.22104,"On 09-Jun-2025, a case of child trafficking was reported near Dakshina West PS. Investigation initiated under 100060026202500001."
27,100100041202600001,202600001,2026-06-28,68,41,1,2,8,27,7,10,2026-06-26T23:08:33.199166,2026-06-28T05:08:33.199166,2026-06-27T23:08:33.199166,14.426736,78.592645,"On 26-Jun-2026, a case of unlawful assembly was reported near Hubballi-Dharwad CEN Crime PS. Investigation initiated under 100100041202600001."
28,100050021202600001,202600001,2026-01-11,36,21,4,2,8,27,2,9,2026-01-10T13:20:00.126041,2026-01-11T23:20:00.126041,2026-01-11T09:20:00.126041,13.720018,78.140334,"On 10-Jan-2026, a case of unlawful assembly was reported near Ballari South PS. Investigation initiated under 100050021202600001."
29,100050019202400001,202400001,2024-02-19,69,19,4,2,2,7,7,5,2024-02-18T01:25:08.474613,2024-02-19T10:25:08.474613,2024-02-19T01:25:08.474613,13.719508,78.064807,"On 18-Feb-2024, a case of burglary was reported near Ballari North PS. Investigation initiated under 100050019202400001."
30,100030012202500001,202500001,2025-05-17,112,12,1,2,3,10,7,5,2025-05-15T05:45:51.066988,2025-05-17T08:45:51.066988,2025-05-15T21:45:51.066988,13.390231,77.9195,"On 15-May-2025, a case of dowry harassment was reported near Mysuru Rural PS. Investigation initiated under 100030012202500001."
31,100070028202600001,202600001,2026-06-12,1,28,1,1,2,8,3,5,2026-06-11T23:35:40.266322,2026-06-12T23:35:40.266322,2026-06-12T04:35:40.266322,14.019345,78.338183,"On 11-Jun-2026, a case of dacoity was reported near Kalaburagi Central PS. Investigation initiated under 100070028202600001."
32,100020008202400001,202400001,2024-08-31,78,8,1,2,5,19,3,6,2024-08-30T10:52:30.897150,2024-08-31T15:52:30.897150,2024-08-30T15:52:30.897150,13.269418,77.790098,"On 30-Aug-2024, a case of cyberstalking was reported near Bengaluru Rural PS. Investigation initiated under 100020008202400001."
33,100090036202600001,202600001,2026-03-04,55,36,1,2,5,17,2,6,2026-03-04T00:50:29.913458,2026-03-04T01:50:29.913458,2026-03-05T00:50:29.913458,14.29339,78.451903,"On 04-Mar-2026, a case of online financial fraud was reported near Shivamogga Town PS. Investigation initiated under 100090036202600001."
34,100060025202500001,202500001,2025-01-08,15,25,2,2,4,15,1,1,2025-01-07T09:36:43.304430,2025-01-08T21:36:43.304430,2025-01-07T16:36:43.304430,13.915341,78.217102,"On 07-Jan-2025, a case of child trafficking was reported near Dakshina North PS. Investigation initiated under 100060025202500001."
35,100010004202500001,202500001,2025-02-08,97,4,4,2,7,25,1,9,2025-02-06T09:14:10.099577,2025-02-08T15:14:10.099577,2025-02-06T23:14:10.099577,13.086522,77.682246,"On 06-Feb-2025, a case of forgery was reported near Bengaluru Central PS. Investigation initiated under 100010004202500001."
36,100010001202500001,202500001,2025-07-19,51,1,1,2,4,16,1,4,2025-07-16T14:13:13.967569,2025-07-19T04:13:13.967569,2025-07-16T22:13:13.967569,13.141163,77.714977,"On 16-Jul-2025, a case of child labour was reported near Bengaluru Rural PS. Investigation initiated under 100010001202500001."
37,100040016202500001,202500001,2025-02-20,22,16,1,2,6,22,4,6,2025-02-18T00:13:20.163621,2025-02-20T15:13:20.163621,2025-02-19T00:13:20.163621,13.585769,77.99366,"On 18-Feb-2025, a case of ndps - trafficking was reported near Belagavi Town PS. Investigation initiated under 100040016202500001."
38,100050019202400001,202400001,2024-09-07,68,19,1,2,7,23,1,5,2024-09-06T18:49:35.620828,2024-09-07T07:49:35.620828,2024-09-07T11:49:35.620828,13.68649,78.063793,"On 06-Sep-2024, a case of cheating was reported near Ballari North PS. Investigation initiated under 100050019202400001."
39,100090037202600001,202600001,2026-03-10,119,37,1,1,1,1,3,6,2026-03-08T19:58:10.346574,2026-03-10T07:58:10.346574,2026-03-09T13:58:10.346574,14.327951,78.44789,"On 08-Mar-2026, a case of murder was reported near Shivamogga South PS. Investigation initiated under 100090037202600001."
40,100100041202400001,202400001,2024-08-29,85,41,1,2,8,27,1,7,2024-08-26T05:28:09.706720,2024-08-29T04:28:09.706720,2024-08-26T18:28:09.706720,14.464785,78.612569,"On 26-Aug-2024, a case of unlawful assembly was reported near Hubballi-Dharwad CEN Crime PS. Investigation initiated under 100100041202400001."
41,100080033202500001,202500001,2025-08-13,50,33,1,1,1,1,2,1,2025-08-13T03:48:55.106770,2025-08-13T15:48:55.106770,2025-08-13T23:48:55.106770,14.181404,78.377043,"On 13-Aug-2025, a case of murder was reported near Tumakuru West PS. Investigation initiated under 100080033202500001."
42,100100040202400003,202400003,2024-12-04,26,40,1,2,6,22,1,8,2024-12-03T14:42:00.183517,2024-12-04T08:42:00.183517,2024-12-04T00:42:00.183517,14.453667,78.639328,"On 03-Dec-2024, a case of ndps - trafficking was reported near Hubballi-Dharwad Rural PS. Investigation initiated under 100100040202400003."
43,100070030202600001,202600001,2026-05-16,39,30,3,2,4,15,4,4,2026-05-16T12:45:05.607749,2026-05-16T21:45:05.607749,2026-05-17T02:45:05.607749,14.038898,78.258518,"On 16-May-2026, a case of child trafficking was reported near Kalaburagi Rural PS. Investigation initiated under 100070030202600001."
44,100060026202500001,202500001,2025-12-20,72,26,4,2,6,22,1,10,2025-12-19T16:50:04.177062,2025-12-20T05:50:04.177062,2025-12-20T01:50:04.177062,13.8438,78.219285,"On 19-Dec-2025, a case of ndps - trafficking was reported near Dakshina West PS. Investigation initiated under 100060026202500001."
45,100040016202400001,202400001,2024-01-14,24,16,1,2,3,12,2,7,2024-01-12T01:15:46.232733,2024-01-14T13:15:46.232733,2024-01-12T09:15:46.232733,13.601376,78.007576,"On 12-Jan-2024, a case of domestic violence was reported near Belagavi Town PS. Investigation initiated under 100040016202400001."
46,100080032202400001,202400001,2024-04-13,23,32,1,2,6,22,3,5,2024-04-13T00:33:21.696998,2024-04-13T15:33:21.696998,2024-04-13T12:33:21.696998,14.156798,78.390386,"On 13-Apr-2024, a case of ndps - trafficking was reported near Tumakuru Rural PS. Investigation initiated under 100080032202400001."
47,100060023202500001,202500001,2025-08-09,88,23,4,2,8,26,1,8,2025-08-07T15:26:27.225203,2025-08-09T17:26:27.225203,2025-08-08T09:26:27.225203,13.872144,78.194097,"On 07-Aug-2025, a case of rioting was reported near Dakshina Town PS. Investigation initiated under 100060023202500001."
48,100100042202500001,202500001,2025-07-23,100,42,2,2,5,17,2,4,2025-07-21T12:03:40.733377,2025-07-23T09:03:40.733377,2025-07-21T15:03:40.733377,14.465507,78.643996,"On 21-Jul-2025, a case of online financial fraud was reported near Hubballi-Dharwad East PS. Investigation initiated under 100100042202500001."
49,100050021202400001,202400001,2024-10-12,82,21,2,2,7,24,1,2,2024-10-10T13:30:57.330552,2024-10-12T00:30:57.330552,2024-10-11T10:30:57.330552,13.713023,78.089799,"On 10-Oct-2024, a case of criminal breach of trust was reported near Ballari South PS. Investigation initiated under 100050021202400001."
50,100030009202400001,202400001,2024-07-13,48,9,3,2,5,18,6,3,2024-07-11T12:25:37.122776,2024-07-13T00:25:37.122776,2024-07-11T15:25:37.122776,13.437059,77.869639,"On 11-Jul-2024, a case of hacking was reported near Mysuru North PS. Investigation initiated under 100030009202400001."
51,100020007202400001,202400001,2024-06-14,68,7,1,2,6,22,1,10,2024-06-13T16:36:17.489364,2024-06-14T10:36:17.489364,2024-06-14T13:36:17.489364,13.320894,77.758885,"On 13-Jun-2024, a case of ndps - trafficking was reported near Bengaluru CEN Crime PS. Investigation initiated under 100020007202400001."
52,100050020202500001,202500001,2025-03-18,64,20,1,2,4,16,2,10,2025-03-18T15:09:48.227955,2025-03-18T22:09:48.227955,2025-03-18T23:09:48.227955,13.721089,78.055874,"On 18-Mar-2025, a case of child labour was reported near Ballari Central PS. Investigation initiated under 100050020202500001."
53,100100041202500002,202500002,2025-08-31,36,41,1,2,7,24,4,2,2025-08-30T23:11:50.804236,2025-08-31T10:11:50.804236,2025-08-31T20:11:50.804236,14.475256,78.606205,"On 30-Aug-2025, a case of criminal breach of trust was reported near Hubballi-Dharwad CEN Crime PS. Investigation initiated under 100100041202500002."
54,100050017202400001,202400001,2024-04-19,68,17,1,2,3,12,4,2,2024-04-18T18:13:02.334097,2024-04-19T10:13:02.334097,2024-04-18T19:13:02.334097,13.705101,78.087532,"On 18-Apr-2024, a case of domestic violence was reported near Ballari Central PS. Investigation initiated under 100050017202400001."
55,100080031202500001,202500001,2025-02-01,84,31,1,2,3,11,7,7,2025-02-01T14:58:28.223665,2025-02-01T19:58:28.223665,2025-02-02T08:58:28.223665,14.201912,78.416002,"On 01-Feb-2025, a case of molestation was reported near Tumakuru North PS. Investigation initiated under 100080031202500001."
56,100090037202500001,202500001,2025-02-01,102,37,2,2,4,15,2,4,2025-01-29T16:05:16.158017,2025-02-01T08:05:16.158017,2025-01-29T23:05:16.158017,14.344846,78.499256,"On 29-Jan-2025, a case of child trafficking was reported near Shivamogga South PS. Investigation initiated under 100090037202500001."
57,100100041202600001,202600001,2026-04-06,34,41,2,2,2,9,2,6,2026-04-03T20:50:12.295767,2026-04-06T04:50:12.295767,2026-04-04T18:50:12.295767,14.518022,78.568277,"On 03-Apr-2026, a case of criminal trespass was reported near Hubballi-Dharwad CEN Crime PS. Investigation initiated under 100100041202600001."
58,100020008202400002,202400002,2024-08-21,46,8,1,2,5,17,1,7,2024-08-19T16:37:56.795426,2024-08-21T10:37:56.795426,2024-08-19T21:37:56.795426,13.230721,77.769422,"On 19-Aug-2024, a case of online financial fraud was reported near Bengaluru Rural PS. Investigation initiated under 100020008202400002."
59,100020006202500001,202500001,2025-03-03,17,6,1,2,5,17,1,2,2025-03-03T06:44:40.834411,2025-03-03T15:44:40.834411,2025-03-03T13:44:40.834411,13.31185,77.788943,"On 03-Mar-2025, a case of online financial fraud was reported near Bengaluru Rural PS. Investigation initiated under 100020006202500001."
60,100030013202500002,202500002,2025-07-05,46,13,1,2,4,16,7,8,2025-07-02T20:22:03.706052,2025-07-05T18:22:03.706052,2025-07-02T21:22:03.706052,13.47054,77.922792,"On 02-Jul-2025, a case of child labour was reported near Mysuru Central PS. Investigation initiated under 100030013202500002."
61,100100038202400002,202400002,2024-03-01,25,38,1,2,6,21,4,8,2024-02-28T04:40:43.199308,2024-03-01T02:40:43.199308,2024-02-28T23:40:43.199308,14.477961,78.600911,"On 28-Feb-2024, a case of ndps - possession was reported near Hubballi-Dharwad Rural PS. Investigation initiated under 100100038202400002."
62,100050021202400001,202400001,2024-10-09,85,21,1,2,3,11,4,7,2024-10-07T02:21:08.177523,2024-10-09T22:21:08.177523,2024-10-07T14:21:08.177523,13.767656,78.081959,"On 07-Oct-2024, a case of molestation was reported near Ballari South PS. Investigation initiated under 100050021202400001."
63,100010003202400001,202400001,2024-07-25,31,3,1,2,6,21,3,6,2024-07-25T00:34:27.129121,2024-07-25T14:34:27.129121,2024-07-25T16:34:27.129121,13.085664,77.719134,"On 25-Jul-2024, a case of ndps - possession was reported near Bengaluru East PS. Investigation initiated under 100010003202400001."
64,100080032202500001,202500001,2025-06-28,21,32,3,2,6,22,1,8,2025-06-26T02:31:48.367833,2025-06-28T16:31:48.367833,2025-06-26T21:31:48.367833,14.186697,78.413316,"On 26-Jun-2025, a case of ndps - trafficking was reported near Tumakuru Rural PS. Investigation initiated under 100080032202500001."
65,100060026202500002,202500002,2025-01-09,81,26,1,2,8,26,1,10,2025-01-09T15:52:23.838370,2025-01-09T16:52:23.838370,2025-01-10T05:52:23.838370,13.830363,78.22699,"On 09-Jan-2025, a case of rioting was reported near Dakshina West PS. Investigation initiated under 100060026202500002."
66,100020006202500002,202500002,2025-04-03,69,6,1,2,7,25,1,8,2025-04-03T07:37:17.987808,2025-04-03T15:37:17.987808,2025-04-03T20:37:17.987808,13.303441,77.786463,"On 03-Apr-2025, a case of forgery was reported near Bengaluru Rural PS. Investigation initiated under 100020006202500002."
67,100050021202500001,202500001,2025-11-26,59,21,3,2,2,5,2,1,2025-11-24T20:06:04.253128,2025-11-26T23:06:04.253128,2025-11-25T14:06:04.253128,13.704213,78.07222,"On 24-Nov-2025, a case of theft was reported near Ballari South PS. Investigation initiated under 100050021202500001."
68,100060022202400001,202400001,2024-08-03,40,22,1,2,1,4,7,5,2024-08-01T00:42:37.730602,2024-08-03T00:42:37.730602,2024-08-01T01:42:37.730602,13.855387,78.223965,"On 01-Aug-2024, a case of assault was reported near Dakshina East PS. Investigation initiated under 100060022202400001."
69,100060024202400001,202400001,2024-08-04,23,24,2,2,7,25,7,8,2024-08-04T13:28:09.410580,2024-08-04T17:28:09.410580,2024-08-04T21:28:09.410580,13.858847,78.204004,"On 04-Aug-2024, a case of forgery was reported near Dakshina Traffic PS. Investigation initiated under 100060024202400001."
70,100010001202500002,202500002,2025-10-17,39,1,1,2,5,19,2,9,2025-10-15T06:29:53.688189,2025-10-17T07:29:53.688189,2025-10-15T18:29:53.688189,13.1175,77.666421,"On 15-Oct-2025, a case of cyberstalking was reported near Bengaluru Rural PS. Investigation initiated under 100010001202500002."
71,100030009202400001,202400001,2024-08-19,91,9,1,2,8,27,1,10,2024-08-17T01:53:48.891418,2024-08-19T07:53:48.891418,2024-08-17T14:53:48.891418,13.410427,77.848132,"On 17-Aug-2024, a case of unlawful assembly was reported near Mysuru North PS. Investigation initiated under 100030009202400001."
72,100100038202400003,202400003,2024-02-03,112,38,1,1,2,8,1,7,2024-02-03T07:30:04.319614,2024-02-03T17:30:04.319614,2024-02-03T23:30:04.319614,14.510543,78.594648,"On 03-Feb-2024, a case of dacoity was reported near Hubballi-Dharwad Rural PS. Investigation initiated under 100100038202400003."
73,100060024202500001,202500001,2025-03-28,113,24,4,2,6,21,1,6,2025-03-28T11:53:46.400792,2025-03-28T12:53:46.400792,2025-03-29T08:53:46.400792,13.89496,78.167227,"On 28-Mar-2025, a case of ndps - possession was reported near Dakshina Traffic PS. Investigation initiated under 100060024202500001."
74,100040014202400001,202400001,2024-05-31,69,14,1,2,3,10,2,10,2024-05-31T18:31:14.775523,2024-05-31T23:31:14.775523,2024-06-01T07:31:14.775523,13.609254,77.970179,"On 31-May-2024, a case of dowry harassment was reported near Belagavi CEN Crime PS. Investigation initiated under 100040014202400001."
75,100100040202400004,202400004,2024-03-02,46,40,1,2,2,5,2,7,2024-03-01T05:36:13.862532,2024-03-02T07:36:13.862532,2024-03-01T14:36:13.862532,14.50475,78.641912,"On 01-Mar-2024, a case of theft was reported near Hubballi-Dharwad Rural PS. Investigation initiated under 100100040202400004."
76,100100042202500001,202500001,2025-11-26,47,42,1,2,5,19,2,6,2025-11-26T09:23:34.507418,2025-11-26T22:23:34.507418,2025-11-26T15:23:34.507418,14.509014,78.629825,"On 26-Nov-2025, a case of cyberstalking was reported near Hubballi-Dharwad East PS. Investigation initiated under 100100042202500001."
77,100080031202600001,202600001,2026-04-13,62,31,2,2,3,10,1,10,2026-04-12T19:37:06.122061,2026-04-13T03:37:06.122061,2026-04-13T01:37:06.122061,14.131971,78.435723,"On 12-Apr-2026, a case of dowry harassment was reported near Tumakuru North PS. Investigation initiated under 100080031202600001."
78,100090034202400001,202400001,2024-05-03,56,34,2,2,4,16,6,4,2024-04-30T23:49:24.986229,2024-05-03T18:49:24.986229,2024-05-01T16:49:24.986229,14.340424,78.506424,"On 30-Apr-2024, a case of child labour was reported near Shivamogga Cyber Crime PS. Investigation initiated under 100090034202400001."
79,100020008202400001,202400001,2024-04-20,102,8,4,1,1,1,2,10,2024-04-20T11:22:53.100326,2024-04-20T16:22:53.100326,2024-04-21T05:22:53.100326,13.27651,77.827191,"On 20-Apr-2024, a case of murder was reported near Bengaluru Rural PS. Investigation initiated under 100020008202400001."
80,100070027202400001,202400001,2024-04-24,92,27,1,1,4,14,1,6,2024-04-22T04:09:09.396321,2024-04-24T07:09:09.396321,2024-04-22T11:09:09.396321,14.017305,78.322742,"On 22-Apr-2024, a case of pocso offences was reported near Kalaburagi Traffic PS. Investigation initiated under 100070027202400001."
81,100050018202600001,202600001,2026-05-14,96,18,1,2,6,22,2,9,2026-05-13T08:30:39.234562,2026-05-14T02:30:39.234562,2026-05-13T13:30:39.234562,13.712875,78.114601,"On 13-May-2026, a case of ndps - trafficking was reported near Ballari CEN Crime PS. Investigation initiated under 100050018202600001."
82,100060025202500001,202500001,2025-03-30,8,25,1,1,1,2,1,5,2025-03-29T08:03:25.416934,2025-03-30T05:03:25.416934,2025-03-29T18:03:25.416934,13.889939,78.159243,"On 29-Mar-2025, a case of attempt to murder was reported near Dakshina North PS. Investigation initiated under 100060025202500001."
83,100070029202400001,202400001,2024-11-06,10,29,2,2,6,21,4,3,2024-11-05T05:08:05.769901,2024-11-06T06:08:05.769901,2024-11-05T15:08:05.769901,14.016481,78.342945,"On 05-Nov-2024, a case of ndps - possession was reported near Kalaburagi West PS. Investigation initiated under 100070029202400001."
84,100010005202500001,202500001,2025-11-24,70,5,2,2,6,21,7,9,2025-11-21T22:26:07.461876,2025-11-24T17:26:07.461876,2025-11-22T01:26:07.461876,13.150226,77.660537,"On 21-Nov-2025, a case of ndps - possession was reported near Bengaluru Central PS. Investigation initiated under 100010005202500001."
85,100040016202400001,202400001,2024-03-29,4,16,4,2,6,22,7,9,2024-03-28T16:00:48.424485,2024-03-29T07:00:48.424485,2024-03-29T05:00:48.424485,13.547259,78.016998,"On 28-Mar-2024, a case of ndps - trafficking was reported near Belagavi Town PS. Investigation initiated under 100040016202400001."
86,100040014202500001,202500001,2025-03-30,92,14,1,2,7,25,5,6,2025-03-30T00:02:10.264586,2025-03-30T10:02:10.264586,2025-03-31T00:02:10.264586,13.590204,77.946975,"On 30-Mar-2025, a case of forgery was reported near Belagavi CEN Crime PS. Investigation initiated under 100040014202500001."
87,100090035202400001,202400001,2024-02-14,16,35,1,2,3,12,3,1,2024-02-12T09:01:45.168832,2024-02-14T09:01:45.168832,2024-02-12T10:01:45.168832,14.326952,78.500107,"On 12-Feb-2024, a case of domestic violence was reported near Shivamogga East PS. Investigation initiated under 100090035202400001."
88,100050017202500001,202500001,2025-02-14,25,17,1,2,8,27,2,6,2025-02-13T10:21:24.060447,2025-02-14T17:21:24.060447,2025-02-13T14:21:24.060447,13.700114,78.051581,"On 13-Feb-2025, a case of unlawful assembly was reported near Ballari Central PS. Investigation initiated under 100050017202500001."
89,100020007202400002,202400002,2024-05-04,81,7,1,2,2,7,6,2,2024-05-04T05:27:07.720725,2024-05-04T23:27:07.720725,2024-05-04T23:27:07.720725,13.241243,77.817954,"On 04-May-2024, a case of burglary was reported near Bengaluru CEN Crime PS. Investigation initiated under 100020007202400002."
90,100030009202500002,202500002,2025-06-25,30,9,1,2,3,11,4,2,2025-06-22T21:26:42.944824,2025-06-25T11:26:42.944824,2025-06-23T09:26:42.944824,13.375642,77.920747,"On 22-Jun-2025, a case of molestation was reported near Mysuru North PS. Investigation initiated under 100030009202500002."
91,100080031202500001,202500001,2025-12-27,20,31,3,1,1,2,2,3,2025-12-26T09:22:09.722291,2025-12-27T15:22:09.722291,2025-12-26T12:22:09.722291,14.173054,78.372681,"On 26-Dec-2025, a case of attempt to murder was reported near Tumakuru North PS. Investigation initiated under 100080031202500001."
92,100060026202500003,202500003,2025-01-11,62,26,1,2,1,3,7,3,2025-01-10T10:52:15.179016,2025-01-11T14:52:15.179016,2025-01-11T01:52:15.179016,13.882253,78.191741,"On 10-Jan-2025, a case of grievous hurt was reported near Dakshina West PS. Investigation initiated under 100060026202500003."
93,100030012202500002,202500002,2025-04-24,100,12,1,1,1,1,1,7,2025-04-23T12:38:38.003438,2025-04-24T05:38:38.003438,2025-04-24T08:38:38.003438,13.425529,77.84472,"On 23-Apr-2025, a case of murder was reported near Mysuru Rural PS. Investigation initiated under 100030012202500002."
94,100050021202400002,202400002,2024-04-21,47,21,1,1,2,6,2,10,2024-04-19T18:34:49.534600,2024-04-21T03:34:49.534600,2024-04-20T03:34:49.534600,13.757098,78.086956,"On 19-Apr-2024, a case of robbery was reported near Ballari South PS. Investigation initiated under 100050021202400002."
95,100040015202400001,202400001,2024-02-16,77,15,1,2,1,4,7,1,2024-02-14T03:09:13.431272,2024-02-16T07:09:13.431272,2024-02-14T23:09:13.431272,13.587218,77.973247,"On 14-Feb-2024, a case of assault was reported near Belagavi Cyber Crime PS. Investigation initiated under 100040015202400001."
96,100100038202500002,202500002,2025-08-18,75,38,1,1,1,1,7,6,2025-08-15T11:31:03.201910,2025-08-18T10:31:03.201910,2025-08-15T21:31:03.201910,14.494214,78.600511,"On 15-Aug-2025, a case of murder was reported near Hubballi-Dharwad Rural PS. Investigation initiated under 100100038202500002."
97,100090037202600002,202600002,2026-03-15,59,37,1,2,8,27,2,10,2026-03-14T06:34:40.701475,2026-03-15T14:34:40.701475,2026-03-14T17:34:40.701475,14.367724,78.490485,"On 14-Mar-2026, a case of unlawful assembly was reported near Shivamogga South PS. Investigation initiated under 100090037202600002."
98,100080031202600001,202600001,2026-02-15,31,31,1,2,4,16,1,5,2026-02-14T02:59:44.008783,2026-02-15T03:59:44.008783,2026-02-14T18:59:44.008783,14.195311,78.368086,"On 14-Feb-2026, a case of child labour was reported near Tumakuru North PS. Investigation initiated under 100080031202600001."
99,100090035202400002,202400002,2024-03-20,59,35,1,2,6,22,6,6,2024-03-19T03:30:58.703187,2024-03-20T02:30:58.703187,2024-03-19T18:30:58.703187,14.369251,78.514424,"On 19-Mar-2024, a case of ndps - trafficking was reported near Shivamogga East PS. Investigation initiated under 100090035202400002."
100,100020007202400003,202400003,2024-02-26,20,7,1,2,4,16,2,8,2024-02-24T14:46:38.548021,2024-02-26T15:46:38.548021,2024-02-24T21:46:38.548021,13.236184,77.840515,"On 24-Feb-2024, a case of child labour was reported near Bengaluru CEN Crime PS. Investigation initiated under 100020007202400003."
101,100090036202400001,202400001,2024-12-01,26,36,3,2,5,19,1,10,2024-11-30T12:48:03.423961,2024-12-01T04:48:03.423961,2024-12-01T00:48:03.423961,14.358337,78.540912,"On 30-Nov-2024, a case of cyberstalking was reported near Shivamogga Town PS. Investigation initiated under 100090036202400001."
102,100100039202600001,202600001,2026-04-16,53,39,1,2,5,20,4,3,2026-04-14T13:39:07.711279,2026-04-16T12:39:07.711279,2026-04-15T13:39:07.711279,14.480292,78.641153,"On 14-Apr-2026, a case of identity theft was reported near Hubballi-Dharwad North PS. Investigation initiated under 100100039202600001."
103,100050017202400002,202400002,2024-10-26,17,17,1,1,2,8,1,9,2024-10-24T21:50:19.877645,2024-10-26T05:50:19.877645,2024-10-25T21:50:19.877645,13.700018,78.107248,"On 24-Oct-2024, a case of dacoity was reported near Ballari Central PS. Investigation initiated under 100050017202400002."
104,100080031202400002,202400002,2024-11-10,72,31,1,2,7,24,2,7,2024-11-10T04:02:52.192723,2024-11-10T05:02:52.192723,2024-11-10T22:02:52.192723,14.158964,78.385774,"On 10-Nov-2024, a case of criminal breach of trust was reported near Tumakuru North PS. Investigation initiated under 100080031202400002."
105,100050019202500001,202500001,2025-02-13,69,19,1,2,8,27,1,1,2025-02-10T10:34:50.734995,2025-02-13T01:34:50.734995,2025-02-10T17:34:50.734995,13.703664,78.059815,"On 10-Feb-2025, a case of unlawful assembly was reported near Ballari North PS. Investigation initiated under 100050019202500001."
106,100030010202400001,202400001,2024-04-26,49,10,1,2,7,23,2,1,2024-04-25T03:22:22.970342,2024-04-26T03:22:22.970342,2024-04-25T10:22:22.970342,13.46117,77.869608,"On 25-Apr-2024, a case of cheating was reported near Mysuru Town PS. Investigation initiated under 100030010202400001."
107,100010003202400002,202400002,2024-04-02,80,3,1,2,8,26,2,6,2024-04-01T12:25:38.122208,2024-04-02T00:25:38.122208,2024-04-01T20:25:38.122208,13.08737,77.65374,"On 01-Apr-2024, a case of rioting was reported near Bengaluru East PS. Investigation initiated under 100010003202400002."
108,100090037202400001,202400001,2024-07-17,9,37,1,2,6,22,4,9,2024-07-15T15:35:18.500519,2024-07-17T03:35:18.500519,2024-07-16T11:35:18.500519,14.363047,78.500052,"On 15-Jul-2024, a case of ndps - trafficking was reported near Shivamogga South PS. Investigation initiated under 100090037202400001."
109,100060025202400001,202400001,2024-10-01,67,25,1,2,8,26,3,2,2024-09-29T07:21:53.553033,2024-10-01T01:21:53.553033,2024-09-29T21:21:53.553033,13.88569,78.155646,"On 29-Sep-2024, a case of rioting was reported near Dakshina North PS. Investigation initiated under 100060025202400001."
110,100100040202400005,202400005,2024-10-01,93,40,1,1,1,1,5,4,2024-09-30T20:31:07.444518,2024-10-01T06:31:07.444518,2024-10-01T03:31:07.444518,14.517659,78.554312,"On 30-Sep-2024, a case of murder was reported near Hubballi-Dharwad Rural PS. Investigation initiated under 100100040202400005."
111,100050021202500001,202500001,2025-03-13,51,21,1,2,4,15,4,1,2025-03-11T19:58:49.408447,2025-03-13T04:58:49.408447,2025-03-12T07:58:49.408447,13.767765,78.08935,"On 11-Mar-2025, a case of child trafficking was reported near Ballari South PS. Investigation initiated under 100050021202500001."
112,100060026202500004,202500004,2025-11-12,89,26,1,2,4,16,1,10,2025-11-10T09:41:33.110024,2025-11-12T03:41:33.110024,2025-11-11T01:41:33.110024,13.83889,78.227171,"On 10-Nov-2025, a case of child labour was reported near Dakshina West PS. Investigation initiated under 100060026202500004."
113,100030010202500001,202500001,2025-02-28,51,10,1,2,7,24,4,3,2025-02-26T06:53:49.259017,2025-02-28T23:53:49.259017,2025-02-26T09:53:49.259017,13.393809,77.873578,"On 26-Feb-2025, a case of criminal breach of trust was reported near Mysuru Town PS. Investigation initiated under 100030010202500001."
114,100090037202400002,202400002,2024-10-27,99,37,1,2,7,24,2,5,2024-10-26T19:05:28.966140,2024-10-27T20:05:28.966140,2024-10-27T06:05:28.966140,14.306052,78.510141,"On 26-Oct-2024, a case of criminal breach of trust was reported near Shivamogga South PS. Investigation initiated under 100090037202400002."
115,100060022202600001,202600001,2026-05-31,19,22,1,1,4,14,2,1,2026-05-30T00:55:58.632872,2026-05-31T10:55:58.632872,2026-05-30T18:55:58.632872,13.869903,78.217592,"On 30-May-2026, a case of pocso offences was reported near Dakshina East PS. Investigation initiated under 100060022202600001."
116,100050020202500002,202500002,2025-07-17,31,20,1,2,7,25,1,9,2025-07-15T14:10:39.514337,2025-07-17T11:10:39.514337,2025-07-16T12:10:39.514337,13.706791,78.107123,"On 15-Jul-2025, a case of forgery was reported near Ballari Central PS. Investigation initiated under 100050020202500002."
117,100100039202400001,202400001,2024-01-16,40,39,1,2,3,11,3,9,2024-01-13T08:06:06.907415,2024-01-16T06:06:06.907415,2024-01-14T06:06:06.907415,14.501611,78.630859,"On 13-Jan-2024, a case of molestation was reported near Hubballi-Dharwad North PS. Investigation initiated under 100100039202400001."
118,100100041202600001,202600001,2026-04-17,79,41,3,2,5,18,4,10,2026-04-16T16:15:11.187068,2026-04-17T06:15:11.187068,2026-04-16T21:15:11.187068,14.440075,78.620845,"On 16-Apr-2026, a case of hacking was reported near Hubballi-Dharwad CEN Crime PS. Investigation initiated under 100100041202600001."
119,100050021202400001,202400001,2024-12-11,41,21,3,2,4,15,2,7,2024-12-11T15:19:51.307626,2024-12-11T21:19:51.307626,2024-12-12T11:19:51.307626,13.745133,78.082637,"On 11-Dec-2024, a case of child trafficking was reported near Ballari South PS. Investigation initiated under 100050021202400001."
120,100070028202600002,202600002,2026-04-01,100,28,1,1,1,2,2,10,2026-03-30T13:03:45.097668,2026-04-01T23:03:45.097668,2026-03-30T16:03:45.097668,14.043865,78.255917,"On 30-Mar-2026, a case of attempt to murder was reported near Kalaburagi Central PS. Investigation initiated under 100070028202600002."
121,100030011202400001,202400001,2024-10-29,21,11,1,2,7,23,4,3,2024-10-27T17:54:09.826713,2024-10-29T12:54:09.826713,2024-10-28T12:54:09.826713,13.458731,77.930867,"On 27-Oct-2024, a case of cheating was reported near Mysuru Town PS. Investigation initiated under 100030011202400001."
122,100040014202400002,202400002,2024-01-28,108,14,1,2,3,10,3,10,2024-01-27T19:26:47.122770,2024-01-28T00:26:47.122770,2024-01-28T00:26:47.122770,13.606983,78.0113,"On 27-Jan-2024, a case of dowry harassment was reported near Belagavi CEN Crime PS. Investigation initiated under 100040014202400002."
123,100010005202400001,202400001,2024-05-20,90,5,1,2,3,10,3,4,2024-05-19T03:35:18.445518,2024-05-20T15:35:18.445518,2024-05-19T14:35:18.445518,13.124305,77.697065,"On 19-May-2024, a case of dowry harassment was reported near Bengaluru Central PS. Investigation initiated under 100010005202400001."
124,100100040202500001,202500001,2025-01-07,89,40,4,2,7,23,1,5,2025-01-04T03:16:15.255191,2025-01-07T03:16:15.255191,2025-01-05T00:16:15.255191,14.442834,78.608662,"On 04-Jan-2025, a case of cheating was reported near Hubballi-Dharwad Rural PS. Investigation initiated under 100100040202500001."
125,100070030202400001,202400001,2024-05-06,72,30,2,2,7,25,1,9,2024-05-03T19:55:52.357813,2024-05-06T14:55:52.357813,2024-05-04T05:55:52.357813,14.028094,78.31242,"On 03-May-2024, a case of forgery was reported near Kalaburagi Rural PS. Investigation initiated under 100070030202400001."
126,100040016202500002,202500002,2025-10-19,26,16,1,2,5,18,2,2,2025-10-18T12:02:49.975253,2025-10-19T11:02:49.975253,2025-10-18T16:02:49.975253,13.559022,77.94834,"On 18-Oct-2025, a case of hacking was reported near Belagavi Town PS. Investigation initiated under 100040016202500002."
127,100010002202600001,202600001,2026-02-06,57,2,1,2,5,18,1,2,2026-02-05T12:14:01.710844,2026-02-06T13:14:01.710844,2026-02-05T22:14:01.710844,13.099265,77.676515,"On 05-Feb-2026, a case of hacking was reported near Bengaluru Town PS. Investigation initiated under 100010002202600001."
128,100060025202500002,202500002,2025-11-01,26,25,1,2,7,24,1,9,2025-10-29T18:55:48.398796,2025-11-01T04:55:48.398796,2025-10-30T14:55:48.398796,13.857162,78.177833,"On 29-Oct-2025, a case of criminal breach of trust was reported near Dakshina North PS. Investigation initiated under 100060025202500002."
129,100020008202500002,202500002,2025-06-24,52,8,1,2,8,26,1,2,2025-06-22T05:39:55.172421,2025-06-24T02:39:55.172421,2025-06-23T01:39:55.172421,13.279068,77.795395,"On 22-Jun-2025, a case of rioting was reported near Bengaluru Rural PS. Investigation initiated under 100020008202500002."
130,100010005202400002,202400002,2024-08-18,75,5,1,2,7,24,2,1,2024-08-18T02:41:48.191178,2024-08-18T10:41:48.191178,2024-08-18T05:41:48.191178,13.093361,77.658492,"On 18-Aug-2024, a case of criminal breach of trust was reported near Bengaluru Central PS. Investigation initiated under 100010005202400002."
131,100060023202500001,202500001,2025-08-22,49,23,1,2,5,17,1,7,2025-08-20T14:35:05.267702,2025-08-22T17:35:05.267702,2025-08-21T11:35:05.267702,13.853413,78.182879,"On 20-Aug-2025, a case of online financial fraud was reported near Dakshina Town PS. Investigation initiated under 100060023202500001."
132,100030009202400002,202400002,2024-08-23,71,9,1,2,7,24,6,8,2024-08-21T16:15:55.625023,2024-08-23T23:15:55.625023,2024-08-22T12:15:55.625023,13.38958,77.895541,"On 21-Aug-2024, a case of criminal breach of trust was reported near Mysuru North PS. Investigation initiated under 100030009202400002."
133,100010005202600001,202600001,2026-01-28,61,5,1,2,5,17,7,10,2026-01-25T06:52:58.066139,2026-01-28T03:52:58.066139,2026-01-25T07:52:58.066139,13.118487,77.695866,"On 25-Jan-2026, a case of online financial fraud was reported near Bengaluru Central PS. Investigation initiated under 100010005202600001."
134,100050018202600001,202600001,2026-02-13,34,18,3,1,1,1,3,4,2026-02-12T14:51:07.258071,2026-02-13T10:51:07.258071,2026-02-13T12:51:07.258071,13.716265,78.125384,"On 12-Feb-2026, a case of murder was reported near Ballari CEN Crime PS. Investigation initiated under 100050018202600001."
135,100070028202400001,202400001,2024-07-06,69,28,1,2,8,27,3,6,2024-07-03T20:12:38.463811,2024-07-06T16:12:38.463811,2024-07-04T18:12:38.463811,14.067187,78.254336,"On 03-Jul-2024, a case of unlawful assembly was reported near Kalaburagi Central PS. Investigation initiated under 100070028202400001."
136,100040014202600001,202600001,2026-04-17,73,14,4,2,2,5,1,3,2026-04-17T03:07:27.504308,2026-04-17T20:07:27.504308,2026-04-17T16:07:27.504308,13.587239,78.03459,"On 17-Apr-2026, a case of theft was reported near Belagavi CEN Crime PS. Investigation initiated under 100040014202600001."
137,100070029202500002,202500002,2025-01-20,28,29,1,2,4,16,2,10,2025-01-18T04:28:22.303267,2025-01-20T19:28:22.303267,2025-01-18T08:28:22.303267,13.985987,78.321471,"On 18-Jan-2025, a case of child labour was reported near Kalaburagi West PS. Investigation initiated under 100070029202500002."
138,100080033202400001,202400001,2024-06-19,89,33,1,2,8,27,2,8,2024-06-19T06:12:49.385581,2024-06-19T15:12:49.385581,2024-06-20T00:12:49.385581,14.144185,78.383042,"On 19-Jun-2024, a case of unlawful assembly was reported near Tumakuru West PS. Investigation initiated under 100080033202400001."
139,100060025202500003,202500003,2025-12-26,101,25,1,2,5,20,2,1,2025-12-24T10:14:27.281825,2025-12-26T20:14:27.281825,2025-12-24T11:14:27.281825,13.825304,78.150205,"On 24-Dec-2025, a case of identity theft was reported near Dakshina North PS. Investigation initiated under 100060025202500003."
140,100030011202400001,202400001,2024-09-20,104,11,2,2,2,5,1,7,2024-09-19T01:24:56.694135,2024-09-20T06:24:56.694135,2024-09-19T04:24:56.694135,13.452045,77.887221,"On 19-Sep-2024, a case of theft was reported near Mysuru Town PS. Investigation initiated under 100030011202400001."
141,100100042202500002,202500002,2025-11-02,35,42,1,2,5,20,3,9,2025-10-30T16:19:14.209701,2025-11-02T05:19:14.209701,2025-10-31T15:19:14.209701,14.434289,78.558909,"On 30-Oct-2025, a case of identity theft was reported near Hubballi-Dharwad East PS. Investigation initiated under 100100042202500002."
142,100080031202600002,202600002,2026-02-24,79,31,1,2,3,10,1,8,2026-02-22T07:38:01.910267,2026-02-24T06:38:01.910267,2026-02-22T17:38:01.910267,14.142559,78.369738,"On 22-Feb-2026, a case of dowry harassment was reported near Tumakuru North PS. Investigation initiated under 100080031202600002."
143,100050021202500002,202500002,2025-06-03,115,21,1,2,2,7,1,4,2025-06-02T14:47:14.132730,2025-06-03T21:47:14.132730,2025-06-03T14:47:14.132730,13.71286,78.064596,"On 02-Jun-2025, a case of burglary was reported near Ballari South PS. Investigation initiated under 100050021202500002."
144,100030011202500001,202500001,2025-03-22,61,11,1,1,4,14,2,8,2025-03-19T14:16:21.334229,2025-03-22T09:16:21.334229,2025-03-20T06:16:21.334229,13.45782,77.866244,"On 19-Mar-2025, a case of pocso offences was reported near Mysuru Town PS. Investigation initiated under 100030011202500001."
145,100070029202400002,202400002,2024-10-25,83,29,1,2,2,9,4,2,2024-10-23T06:42:27.950985,2024-10-25T11:42:27.950985,2024-10-23T13:42:27.950985,13.984871,78.274179,"On 23-Oct-2024, a case of criminal trespass was reported near Kalaburagi West PS. Investigation initiated under 100070029202400002."
146,100100040202600001,202600001,2026-03-26,47,40,3,2,1,3,6,6,2026-03-25T20:15:25.758533,2026-03-26T11:15:25.758533,2026-03-26T09:15:25.758533,14.458159,78.606513,"On 25-Mar-2026, a case of grievous hurt was reported near Hubballi-Dharwad Rural PS. Investigation initiated under 100100040202600001."
147,100090035202400001,202400001,2024-08-16,11,35,3,2,8,27,4,7,2024-08-15T23:31:13.903978,2024-08-16T08:31:13.903978,2024-08-16T06:31:13.903978,14.36079,78.490387,"On 15-Aug-2024, a case of unlawful assembly was reported near Shivamogga East PS. Investigation initiated under 100090035202400001."
148,100050019202500002,202500002,2025-04-18,84,19,1,1,1,2,5,6,2025-04-15T22:35:45.043752,2025-04-18T17:35:45.043752,2025-04-16T19:35:45.043752,13.705188,78.10247,"On 15-Apr-2025, a case of attempt to murder was reported near Ballari North PS. Investigation initiated under 100050019202500002."
149,100010003202500001,202500001,2025-09-24,4,3,1,2,6,21,2,7,2025-09-22T00:57:01.989219,2025-09-24T22:57:01.989219,2025-09-22T06:57:01.989219,13.124964,77.656749,"On 22-Sep-2025, a case of ndps - possession was reported near Bengaluru East PS. Investigation initiated under 100010003202500001."
150,100060026202500005,202500005,2025-12-06,48,26,1,2,6,21,7,7,2025-12-04T10:30:11.038121,2025-12-06T09:30:11.038121,2025-12-04T23:30:11.038121,13.836395,78.22998,"On 04-Dec-2025, a case of ndps - possession was reported near Dakshina West PS. Investigation initiated under 100060026202500005."
151,100090037202600001,202600001,2026-05-28,106,37,2,2,3,11,1,5,2026-05-26T10:35:15.995723,2026-05-28T11:35:15.995723,2026-05-26T20:35:15.995723,14.326987,78.448823,"On 26-May-2026, a case of molestation was reported near Shivamogga South PS. Investigation initiated under 100090037202600001."
152,100080031202500001,202500001,2025-08-12,41,31,4,2,2,7,2,8,2025-08-12T04:21:50.498421,2025-08-12T07:21:50.498421,2025-08-12T13:21:50.498421,14.137885,78.350451,"On 12-Aug-2025, a case of burglary was reported near Tumakuru North PS. Investigation initiated under 100080031202500001."
153,100050020202500003,202500003,2025-11-26,48,20,1,2,6,21,2,8,2025-11-24T16:32:43.183171,2025-11-26T14:32:43.183171,2025-11-24T21:32:43.183171,13.67289,78.096417,"On 24-Nov-2025, a case of ndps - possession was reported near Ballari Central PS. Investigation initiated under 100050020202500003."
154,100060024202500001,202500001,2025-04-07,17,24,1,2,8,27,1,3,2025-04-05T09:41:34.462931,2025-04-07T00:41:34.462931,2025-04-05T10:41:34.462931,13.896046,78.15646,"On 05-Apr-2025, a case of unlawful assembly was reported near Dakshina Traffic PS. Investigation initiated under 100060024202500001."
155,100030012202400001,202400001,2024-10-24,65,12,1,1,1,1,1,10,2024-10-23T11:54:37.746329,2024-10-24T23:54:37.746329,2024-10-24T06:54:37.746329,13.406384,77.860656,"On 23-Oct-2024, a case of murder was reported near Mysuru Rural PS. Investigation initiated under 100030012202400001."
156,100030012202500001,202500001,2025-08-30,16,12,2,2,7,24,1,8,2025-08-29T05:08:59.359461,2025-08-30T11:08:59.359461,2025-08-29T19:08:59.359461,13.382885,77.943061,"On 29-Aug-2025, a case of criminal breach of trust was reported near Mysuru Rural PS. Investigation initiated under 100030012202500001."
157,100070028202500002,202500002,2025-04-16,87,28,1,1,2,8,7,2,2025-04-14T16:58:24.871756,2025-04-16T16:58:24.871756,2025-04-14T22:58:24.871756,13.972879,78.312016,"On 14-Apr-2025, a case of dacoity was reported near Kalaburagi Central PS. Investigation initiated under 100070028202500002."
158,100010004202500001,202500001,2025-04-10,80,4,2,2,8,26,7,10,2025-04-08T18:59:37.596752,2025-04-10T19:59:37.596752,2025-04-09T14:59:37.596752,13.13952,77.659874,"On 08-Apr-2025, a case of rioting was reported near Bengaluru Central PS. Investigation initiated under 100010004202500001."
159,100030012202400002,202400002,2024-08-11,15,12,1,2,5,18,2,10,2024-08-10T06:44:31.723467,2024-08-11T00:44:31.723467,2024-08-10T16:44:31.723467,13.443172,77.893345,"On 10-Aug-2024, a case of hacking was reported near Mysuru Rural PS. Investigation initiated under 100030012202400002."
160,100010004202400001,202400001,2024-06-12,44,4,1,1,4,14,3,3,2024-06-12T02:29:20.899537,2024-06-12T13:29:20.899537,2024-06-13T01:29:20.899537,13.07815,77.675091,"On 12-Jun-2024, a case of pocso offences was reported near Bengaluru Central PS. Investigation initiated under 100010004202400001."
161,100040014202400003,202400003,2024-09-22,101,14,1,2,6,21,3,2,2024-09-20T23:26:00.039405,2024-09-22T22:26:00.039405,2024-09-21T13:26:00.039405,13.541776,78.008144,"On 20-Sep-2024, a case of ndps - possession was reported near Belagavi CEN Crime PS. Investigation initiated under 100040014202400003."
162,100050020202600001,202600001,2026-04-30,71,20,1,2,6,21,2,3,2026-04-28T23:19:01.891878,2026-04-30T08:19:01.891878,2026-04-29T19:19:01.891878,13.723137,78.111756,"On 28-Apr-2026, a case of ndps - possession was reported near Ballari Central PS. Investigation initiated under 100050020202600001."
163,100100042202500003,202500003,2025-03-24,40,42,1,2,4,15,1,8,2025-03-23T21:31:41.003366,2025-03-24T17:31:41.003366,2025-03-24T04:31:41.003366,14.42437,78.624304,"On 23-Mar-2025, a case of child trafficking was reported near Hubballi-Dharwad East PS. Investigation initiated under 100100042202500003."
164,100020006202500003,202500003,2025-06-23,100,6,1,2,3,11,1,9,2025-06-21T02:24:52.084456,2025-06-23T19:24:52.084456,2025-06-21T06:24:52.084456,13.273796,77.827498,"On 21-Jun-2025, a case of molestation was reported near Bengaluru Rural PS. Investigation initiated under 100020006202500003."
165,100060024202400002,202400002,2024-04-06,33,24,2,1,1,1,5,9,2024-04-06T01:38:12.603292,2024-04-06T08:38:12.603292,2024-04-07T00:38:12.603292,13.913346,78.21176,"On 06-Apr-2024, a case of murder was reported near Dakshina Traffic PS. Investigation initiated under 100060024202400002."
166,100080032202400002,202400002,2024-10-08,46,32,1,2,7,24,4,7,2024-10-07T15:14:21.610447,2024-10-08T04:14:21.610447,2024-10-07T21:14:21.610447,14.191448,78.395233,"On 07-Oct-2024, a case of criminal breach of trust was reported near Tumakuru Rural PS. Investigation initiated under 100080032202400002."
167,100090037202400003,202400003,2024-07-15,7,37,1,1,1,2,7,7,2024-07-12T14:22:30.144000,2024-07-15T02:22:30.144000,2024-07-12T21:22:30.144000,14.297778,78.529783,"On 12-Jul-2024, a case of attempt to murder was reported near Shivamogga South PS. Investigation initiated under 100090037202400003."
168,100040016202400002,202400002,2024-04-20,42,16,1,2,4,15,2,7,2024-04-18T07:22:07.883301,2024-04-20T18:22:07.883301,2024-04-18T10:22:07.883301,13.522632,77.95792,"On 18-Apr-2024, a case of child trafficking was reported near Belagavi Town PS. Investigation initiated under 100040016202400002."
169,100090036202600002,202600002,2026-04-05,41,36,1,2,3,12,1,9,2026-04-02T18:20:47.816451,2026-04-05T10:20:47.816451,2026-04-03T05:20:47.816451,14.35939,78.457792,"On 02-Apr-2026, a case of domestic violence was reported near Shivamogga Town PS. Investigation initiated under 100090036202600002."
170,100030011202500002,202500002,2025-02-10,72,11,1,2,7,23,7,8,2025-02-08T02:17:53.498379,2025-02-10T18:17:53.498379,2025-02-08T04:17:53.498379,13.415752,77.943482,"On 08-Feb-2025, a case of cheating was reported near Mysuru Town PS. Investigation initiated under 100030011202500002."
171,100020007202500001,202500001,2025-01-17,14,7,3,2,1,3,3,6,2025-01-16T16:12:42.358843,2025-01-17T08:12:42.358843,2025-01-17T05:12:42.358843,13.258956,77.837515,"On 16-Jan-2025, a case of grievous hurt was reported near Bengaluru CEN Crime PS. Investigation initiated under 100020007202500001."
172,100040014202400004,202400004,2024-01-24,95,14,1,2,7,24,3,5,2024-01-23T22:27:58.458692,2024-01-24T18:27:58.458692,2024-01-24T02:27:58.458692,13.551455,78.02471,"On 23-Jan-2024, a case of criminal breach of trust was reported near Belagavi CEN Crime PS. Investigation initiated under 100040014202400004."
173,100050020202400001,202400001,2024-08-31,66,20,2,2,7,24,2,7,2024-08-28T02:44:34.797572,2024-08-31T01:44:34.797572,2024-08-28T05:44:34.797572,13.76333,78.095941,"On 28-Aug-2024, a case of criminal breach of trust was reported near Ballari Central PS. Investigation initiated under 100050020202400001."
174,100050017202500002,202500002,2025-05-28,1,17,1,2,3,11,1,7,2025-05-27T03:19:38.651634,2025-05-28T13:19:38.651634,2025-05-28T01:19:38.651634,13.682233,78.098038,"On 27-May-2025, a case of molestation was reported near Ballari Central PS. Investigation initiated under 100050017202500002."
175,100030013202500001,202500001,2025-07-02,69,13,3,2,4,15,3,4,2025-07-01T10:11:42.250956,2025-07-02T17:11:42.250956,2025-07-02T00:11:42.250956,13.455809,77.930419,"On 01-Jul-2025, a case of child trafficking was reported near Mysuru Central PS. Investigation initiated under 100030013202500001."
176,100100041202500001,202500001,2025-06-18,66,41,2,2,7,24,5,10,2025-06-16T00:42:05.847827,2025-06-18T23:42:05.847827,2025-06-16T10:42:05.847827,14.425302,78.584568,"On 16-Jun-2025, a case of criminal breach of trust was reported near Hubballi-Dharwad CEN Crime PS. Investigation initiated under 100100041202500001."
177,100050019202400002,202400002,2024-10-06,80,19,1,2,7,24,5,4,2024-10-04T20:44:48.634345,2024-10-06T19:44:48.634345,2024-10-05T12:44:48.634345,13.751576,78.129053,"On 04-Oct-2024, a case of criminal breach of trust was reported near Ballari North PS. Investigation initiated under 100050019202400002."
178,100020008202400003,202400003,2024-11-12,115,8,1,2,8,27,7,3,2024-11-10T08:58:48.032640,2024-11-12T06:58:48.032640,2024-11-10T10:58:48.032640,13.298609,77.800302,"On 10-Nov-2024, a case of unlawful assembly was reported near Bengaluru Rural PS. Investigation initiated under 100020008202400003."
179,100080033202500002,202500002,2025-12-18,97,33,1,2,5,19,4,9,2025-12-16T12:17:38.015924,2025-12-18T18:17:38.015924,2025-12-17T00:17:38.015924,14.184544,78.369145,"On 16-Dec-2025, a case of cyberstalking was reported near Tumakuru West PS. Investigation initiated under 100080033202500002."
180,100030010202600001,202600001,2026-01-25,45,10,3,2,1,3,2,1,2026-01-22T21:55:37.649892,2026-01-25T20:55:37.649892,2026-01-23T07:55:37.649892,13.443755,77.87597,"On 22-Jan-2026, a case of grievous hurt was reported near Mysuru Town PS. Investigation initiated under 100030010202600001."
181,100080033202500003,202500003,2025-10-29,39,33,1,2,6,21,1,7,2025-10-26T15:41:22.367107,2025-10-29T13:41:22.367107,2025-10-27T10:41:22.367107,14.147469,78.427823,"On 26-Oct-2025, a case of ndps - possession was reported near Tumakuru West PS. Investigation initiated under 100080033202500003."
182,100090034202500001,202500001,2025-07-07,55,34,1,2,2,7,2,7,2025-07-06T19:58:05.485203,2025-07-07T20:58:05.485203,2025-07-07T07:58:05.485203,14.317031,78.459255,"On 06-Jul-2025, a case of burglary was reported near Shivamogga Cyber Crime PS. Investigation initiated under 100090034202500001."
183,100070027202500001,202500001,2025-01-24,39,27,1,2,6,22,1,5,2025-01-24T03:26:21.107658,2025-01-24T23:26:21.107658,2025-01-24T07:26:21.107658,14.008747,78.343702,"On 24-Jan-2025, a case of ndps - trafficking was reported near Kalaburagi Traffic PS. Investigation initiated under 100070027202500001."
184,100050021202500003,202500003,2025-03-07,114,21,1,2,7,24,1,8,2025-03-05T18:30:51.883911,2025-03-07T21:30:51.883911,2025-03-06T05:30:51.883911,13.725699,78.140408,"On 05-Mar-2025, a case of criminal breach of trust was reported near Ballari South PS. Investigation initiated under 100050021202500003."
185,100100039202400002,202400002,2024-08-28,111,39,1,2,1,4,6,9,2024-08-28T02:19:00.918803,2024-08-28T05:19:00.918803,2024-08-28T13:19:00.918803,14.465302,78.586094,"On 28-Aug-2024, a case of assault was reported near Hubballi-Dharwad North PS. Investigation initiated under 100100039202400002."
186,100020008202400004,202400004,2024-09-29,15,8,1,2,4,16,2,5,2024-09-26T21:16:29.863019,2024-09-29T13:16:29.863019,2024-09-27T14:16:29.863019,13.296839,77.783105,"On 26-Sep-2024, a case of child labour was reported near Bengaluru Rural PS. Investigation initiated under 100020008202400004."
187,100030010202500002,202500002,2025-01-21,60,10,1,2,3,11,2,10,2025-01-18T19:49:47.266392,2025-01-21T02:49:47.266392,2025-01-19T13:49:47.266392,13.416774,77.8447,"On 18-Jan-2025, a case of molestation was reported near Mysuru Town PS. Investigation initiated under 100030010202500002."
188,100070028202500003,202500003,2025-02-21,44,28,1,2,6,22,3,4,2025-02-19T10:08:39.769482,2025-02-21T20:08:39.769482,2025-02-19T19:08:39.769482,13.996193,78.342902,"On 19-Feb-2025, a case of ndps - trafficking was reported near Kalaburagi Central PS. Investigation initiated under 100070028202500003."
189,100070029202400003,202400003,2024-08-28,90,29,1,2,6,22,5,1,2024-08-26T23:25:21.220209,2024-08-28T21:25:21.220209,2024-08-27T12:25:21.220209,13.989319,78.321397,"On 26-Aug-2024, a case of ndps - trafficking was reported near Kalaburagi West PS. Investigation initiated under 100070029202400003."
190,100030011202600001,202600001,2026-02-07,30,11,1,2,3,10,2,9,2026-02-07T07:13:32.497559,2026-02-07T16:13:32.497559,2026-02-07T12:13:32.497559,13.397562,77.90159,"On 07-Feb-2026, a case of dowry harassment was reported near Mysuru Town PS. Investigation initiated under 100030011202600001."
191,100040015202400001,202400001,2024-06-20,81,15,4,2,7,23,7,2,2024-06-19T07:32:11.048127,2024-06-20T09:32:11.048127,2024-06-19T13:32:11.048127,13.554522,77.950884,"On 19-Jun-2024, a case of cheating was reported near Belagavi Cyber Crime PS. Investigation initiated under 100040015202400001."
192,100100038202600001,202600001,2026-03-12,8,38,1,1,1,1,2,5,2026-03-12T13:49:54.334864,2026-03-12T22:49:54.334864,2026-03-12T18:49:54.334864,14.4278,78.624839,"On 12-Mar-2026, a case of murder was reported near Hubballi-Dharwad Rural PS. Investigation initiated under 100100038202600001."
193,100010002202400001,202400001,2024-12-01,108,2,1,2,6,21,1,4,2024-12-01T20:29:13.166724,2024-12-01T22:29:13.166724,2024-12-02T16:29:13.166724,13.14293,77.703889,"On 01-Dec-2024, a case of ndps - possession was reported near Bengaluru Town PS. Investigation initiated under 100010002202400001."
194,100090035202400001,202400001,2024-12-05,76,35,2,2,3,13,1,3,2024-12-03T20:33:08.915345,2024-12-05T16:33:08.915345,2024-12-04T06:33:08.915345,14.308483,78.445408,"On 03-Dec-2024, a case of stalking was reported near Shivamogga East PS. Investigation initiated under 100090035202400001."
195,100080032202600001,202600001,2026-02-02,99,32,1,1,1,2,3,6,2026-01-31T10:33:56.604165,2026-02-02T22:33:56.604165,2026-02-01T06:33:56.604165,14.142914,78.392675,"On 31-Jan-2026, a case of attempt to murder was reported near Tumakuru Rural PS. Investigation initiated under 100080032202600001."
196,100020007202500001,202500001,2025-08-13,31,7,1,2,3,13,3,6,2025-08-12T18:40:06.880018,2025-08-13T09:40:06.880018,2025-08-13T05:40:06.880018,13.315211,77.775107,"On 12-Aug-2025, a case of stalking was reported near Bengaluru CEN Crime PS. Investigation initiated under 100020007202500001."
197,100100040202500001,202500001,2025-05-27,92,40,1,2,7,25,4,6,2025-05-25T01:10:24.176887,2025-05-27T01:10:24.176887,2025-05-25T17:10:24.176887,14.473489,78.5625,"On 25-May-2025, a case of forgery was reported near Hubballi-Dharwad Rural PS. Investigation initiated under 100100040202500001."
198,100070030202400001,202400001,2024-05-16,35,30,1,2,6,22,2,7,2024-05-14T09:39:08.778959,2024-05-16T17:39:08.778959,2024-05-14T23:39:08.778959,14.008351,78.294354,"On 14-May-2024, a case of ndps - trafficking was reported near Kalaburagi Rural PS. Investigation initiated under 100070030202400001."
199,100050017202600001,202600001,2026-04-07,2,17,1,2,5,18,4,5,2026-04-06T08:28:49.009694,2026-04-07T02:28:49.009694,2026-04-07T07:28:49.009694,13.745582,78.135838,"On 06-Apr-2026, a case of hacking was reported near Ballari Central PS. Investigation initiated under 100050017202600001."
200,100070027202400002,202400002,2024-04-26,104,27,1,2,8,26,2,6,2024-04-25T23:26:28.786802,2024-04-26T16:26:28.786802,2024-04-26T09:26:28.786802,14.065935,78.245568,"On 25-Apr-2024, a case of rioting was reported near Kalaburagi Traffic PS. Investigation initiated under 100070027202400002."
201,100030013202500003,202500003,2025-03-05,23,13,1,2,6,22,3,1,2025-03-03T12:06:15.815433,2025-03-05T03:06:15.815433,2025-03-03T15:06:15.815433,13.388742,77.912089,"On 03-Mar-2025, a case of ndps - trafficking was reported near Mysuru Central PS. Investigation initiated under 100030013202500003."
202,100070027202600001,202600001,2026-03-05,105,27,1,1,2,8,7,8,2026-03-04T02:08:46.015348,2026-03-05T05:08:46.015348,2026-03-04T07:08:46.015348,14.058645,78.275576,"On 04-Mar-2026, a case of dacoity was reported near Kalaburagi Traffic PS. Investigation initiated under 100070027202600001."
203,100030012202500003,202500003,2025-12-11,6,12,1,2,3,13,2,4,2025-12-10T09:27:52.170017,2025-12-11T09:27:52.170017,2025-12-11T08:27:52.170017,13.428462,77.883955,"On 10-Dec-2025, a case of stalking was reported near Mysuru Rural PS. Investigation initiated under 100030012202500003."
204,100070030202500001,202500001,2025-12-17,42,30,1,2,7,23,2,8,2025-12-17T00:41:46.694082,2025-12-17T02:41:46.694082,2025-12-17T09:41:46.694082,13.983068,78.336314,"On 17-Dec-2025, a case of cheating was reported near Kalaburagi Rural PS. Investigation initiated under 100070030202500001."
205,100060023202400001,202400001,2024-02-04,92,23,1,1,1,2,2,2,2024-02-04T02:43:54.374806,2024-02-04T09:43:54.374806,2024-02-04T23:43:54.374806,13.902751,78.208701,"On 04-Feb-2024, a case of attempt to murder was reported near Dakshina Town PS. Investigation initiated under 100060023202400001."
206,100030011202500003,202500003,2025-09-09,55,11,1,2,2,7,1,2,2025-09-08T03:39:47.970103,2025-09-09T04:39:47.970103,2025-09-08T23:39:47.970103,13.392312,77.89877,"On 08-Sep-2025, a case of burglary was reported near Mysuru Town PS. Investigation initiated under 100030011202500003."
207,100050017202500001,202500001,2025-11-15,89,17,4,2,6,22,3,6,2025-11-14T08:31:47.512279,2025-11-15T02:31:47.512279,2025-11-14T19:31:47.512279,13.689133,78.120772,"On 14-Nov-2025, a case of ndps - trafficking was reported near Ballari Central PS. Investigation initiated under 100050017202500001."
208,100100039202500001,202500001,2025-08-19,102,39,4,2,8,27,1,7,2025-08-17T08:17:16.913600,2025-08-19T01:17:16.913600,2025-08-18T05:17:16.913600,14.500297,78.548561,"On 17-Aug-2025, a case of unlawful assembly was reported near Hubballi-Dharwad North PS. Investigation initiated under 100100039202500001."
209,100030012202500004,202500004,2025-03-29,47,12,1,2,5,19,2,7,2025-03-28T20:30:45.414626,2025-03-29T22:30:45.414626,2025-03-29T05:30:45.414626,13.457843,77.892717,"On 28-Mar-2025, a case of cyberstalking was reported near Mysuru Rural PS. Investigation initiated under 100030012202500004."
210,100070027202400001,202400001,2024-09-26,16,27,3,2,6,22,2,7,2024-09-25T22:38:49.515005,2024-09-26T08:38:49.515005,2024-09-26T12:38:49.515005,14.0601,78.343847,"On 25-Sep-2024, a case of ndps - trafficking was reported near Kalaburagi Traffic PS. Investigation initiated under 100070027202400001."
211,100100039202600002,202600002,2026-05-15,91,39,1,2,3,10,1,10,2026-05-15T09:28:27.812362,2026-05-15T21:28:27.812362,2026-05-16T06:28:27.812362,14.492761,78.583035,"On 15-May-2026, a case of dowry harassment was reported near Hubballi-Dharwad North PS. Investigation initiated under 100100039202600002."
212,100070027202500002,202500002,2025-08-27,65,27,1,2,7,23,1,2,2025-08-26T23:30:53.430191,2025-08-27T23:30:53.430191,2025-08-27T22:30:53.430191,13.985033,78.293247,"On 26-Aug-2025, a case of cheating was reported near Kalaburagi Traffic PS. Investigation initiated under 100070027202500002."
213,100010003202400003,202400003,2024-04-13,55,3,1,2,1,4,3,6,2024-04-12T08:33:17.330016,2024-04-13T19:33:17.330016,2024-04-13T00:33:17.330016,13.118923,77.678303,"On 12-Apr-2024, a case of assault was reported near Bengaluru East PS. Investigation initiated under 100010003202400003."
214,100050021202600001,202600001,2026-04-19,120,21,1,2,4,16,2,8,2026-04-18T22:40:15.994729,2026-04-19T09:40:15.994729,2026-04-19T10:40:15.994729,13.714392,78.137748,"On 18-Apr-2026, a case of child labour was reported near Ballari South PS. Investigation initiated under 100050021202600001."
215,100050018202500002,202500002,2025-03-15,93,18,1,2,5,20,7,8,2025-03-14T20:28:36.397899,2025-03-15T12:28:36.397899,2025-03-15T18:28:36.397899,13.685176,78.098054,"On 14-Mar-2025, a case of identity theft was reported near Ballari CEN Crime PS. Investigation initiated under 100050018202500002."
216,100030009202400002,202400002,2024-08-07,50,9,3,2,7,25,4,7,2024-08-06T00:38:24.301928,2024-08-07T16:38:24.301928,2024-08-06T02:38:24.301928,13.430606,77.863586,"On 06-Aug-2024, a case of forgery was reported near Mysuru North PS. Investigation initiated under 100030009202400002."
217,100060022202600002,202600002,2026-02-20,100,22,1,2,4,16,7,3,2026-02-19T00:01:29.779710,2026-02-20T05:01:29.779710,2026-02-19T23:01:29.779710,13.895173,78.236916,"On 19-Feb-2026, a case of child labour was reported near Dakshina East PS. Investigation initiated under 100060022202600002."
218,100030013202500004,202500004,2025-10-15,49,13,1,2,1,3,4,7,2025-10-15T00:12:42.462761,2025-10-15T14:12:42.462761,2025-10-15T22:12:42.462761,13.45015,77.930443,"On 15-Oct-2025, a case of grievous hurt was reported near Mysuru Central PS. Investigation initiated under 100030013202500004."
219,100020006202600001,202600001,2026-01-19,16,6,2,2,7,24,3,8,2026-01-17T03:24:16.517884,2026-01-19T12:24:16.517884,2026-01-17T15:24:16.517884,13.22276,77.756263,"On 17-Jan-2026, a case of criminal breach of trust was reported near Bengaluru Rural PS. Investigation initiated under 100020006202600001."
220,100040014202600002,202600002,2026-01-21,16,14,4,1,2,6,6,1,2026-01-20T23:50:27.950900,2026-01-21T23:50:27.950900,2026-01-21T00:50:27.950900,13.577072,78.024651,"On 20-Jan-2026, a case of robbery was reported near Belagavi CEN Crime PS. Investigation initiated under 100040014202600002."
221,100060023202600001,202600001,2026-04-23,110,23,1,2,4,16,1,4,2026-04-22T18:37:46.867189,2026-04-23T00:37:46.867189,2026-04-23T02:37:46.867189,13.825273,78.158767,"On 22-Apr-2026, a case of child labour was reported near Dakshina Town PS. Investigation initiated under 100060023202600001."
222,100030013202400001,202400001,2024-05-06,32,13,1,2,3,13,5,2,2024-05-04T07:29:02.268835,2024-05-06T00:29:02.268835,2024-05-04T21:29:02.268835,13.409494,77.941002,"On 04-May-2024, a case of stalking was reported near Mysuru Central PS. Investigation initiated under 100030013202400001."
223,100010004202500001,202500001,2025-04-04,62,4,1,2,7,23,1,10,2025-04-01T16:13:10.537603,2025-04-04T13:13:10.537603,2025-04-02T10:13:10.537603,13.131062,77.729563,"On 01-Apr-2025, a case of cheating was reported near Bengaluru Central PS. Investigation initiated under 100010004202500001."
224,100040016202500001,202500001,2025-11-18,2,16,3,2,3,10,1,7,2025-11-16T17:39:51.605325,2025-11-18T06:39:51.605325,2025-11-17T11:39:51.605325,13.614559,78.025435,"On 16-Nov-2025, a case of dowry harassment was reported near Belagavi Town PS. Investigation initiated under 100040016202500001."
225,100040015202500001,202500001,2025-11-19,15,15,1,2,6,21,2,6,2025-11-19T08:47:50.825777,2025-11-19T15:47:50.825777,2025-11-19T22:47:50.825777,13.571151,77.961648,"On 19-Nov-2025, a case of ndps - possession was reported near Belagavi Cyber Crime PS. Investigation initiated under 100040015202500001."
226,100090034202400002,202400002,2024-01-06,29,34,1,2,3,13,1,8,2024-01-03T12:33:38.653769,2024-01-06T03:33:38.653769,2024-01-03T13:33:38.653769,14.287163,78.510263,"On 03-Jan-2024, a case of stalking was reported near Shivamogga Cyber Crime PS. Investigation initiated under 100090034202400002."
227,100030009202400003,202400003,2024-03-07,3,9,1,2,7,25,4,3,2024-03-05T09:12:53.465204,2024-03-07T11:12:53.465204,2024-03-05T14:12:53.465204,13.382573,77.855388,"On 05-Mar-2024, a case of forgery was reported near Mysuru North PS. Investigation initiated under 100030009202400003."
228,100020007202500002,202500002,2025-03-09,36,7,1,2,3,11,7,4,2025-03-08T05:40:26.929403,2025-03-09T01:40:26.929403,2025-03-08T13:40:26.929403,13.233646,77.784728,"On 08-Mar-2025, a case of molestation was reported near Bengaluru CEN Crime PS. Investigation initiated under 100020007202500002."
229,100080032202600002,202600002,2026-04-15,43,32,1,2,5,17,1,6,2026-04-15T05:55:44.523759,2026-04-15T07:55:44.523759,2026-04-16T03:55:44.523759,14.176777,78.430797,"On 15-Apr-2026, a case of online financial fraud was reported near Tumakuru Rural PS. Investigation initiated under 100080032202600002."
230,100090035202600001,202600001,2026-01-19,25,35,1,2,5,20,7,7,2026-01-18T16:19:23.513104,2026-01-19T18:19:23.513104,2026-01-19T10:19:23.513104,14.343677,78.448981,"On 18-Jan-2026, a case of identity theft was reported near Shivamogga East PS. Investigation initiated under 100090035202600001."
231,100080033202500001,202500001,2025-09-03,35,33,4,2,3,13,4,4,2025-09-01T06:17:42.867669,2025-09-03T08:17:42.867669,2025-09-02T00:17:42.867669,14.199537,78.384685,"On 01-Sep-2025, a case of stalking was reported near Tumakuru West PS. Investigation initiated under 100080033202500001."
232,100040014202500002,202500002,2025-02-15,71,14,1,2,1,3,3,5,2025-02-13T10:14:18.700907,2025-02-15T10:14:18.700907,2025-02-13T21:14:18.700907,13.529925,78.015146,"On 13-Feb-2025, a case of grievous hurt was reported near Belagavi CEN Crime PS. Investigation initiated under 100040014202500002."
233,100080031202400003,202400003,2024-12-13,24,31,1,2,3,13,1,5,2024-12-12T21:22:49.145614,2024-12-13T20:22:49.145614,2024-12-13T04:22:49.145614,14.178566,78.438936,"On 12-Dec-2024, a case of stalking was reported near Tumakuru North PS. Investigation initiated under 100080031202400003."
234,100010001202400001,202400001,2024-07-10,98,1,4,2,2,9,4,10,2024-07-08T17:38:15.617152,2024-07-10T13:38:15.617152,2024-07-09T16:38:15.617152,13.080097,77.658523,"On 08-Jul-2024, a case of criminal trespass was reported near Bengaluru Rural PS. Investigation initiated under 100010001202400001."
235,100060023202600002,202600002,2026-02-15,14,23,1,2,4,16,2,5,2026-02-14T20:10:28.086416,2026-02-15T11:10:28.086416,2026-02-15T12:10:28.086416,13.838556,78.155614,"On 14-Feb-2026, a case of child labour was reported near Dakshina Town PS. Investigation initiated under 100060023202600002."
236,100030010202600001,202600001,2026-03-31,105,10,2,2,3,12,1,2,2026-03-29T11:47:44.578932,2026-03-31T21:47:44.578932,2026-03-30T11:47:44.578932,13.451285,77.942234,"On 29-Mar-2026, a case of domestic violence was reported near Mysuru Town PS. Investigation initiated under 100030010202600001."
237,100020006202400002,202400002,2024-09-09,27,6,1,2,7,25,2,1,2024-09-08T02:58:05.624286,2024-09-09T07:58:05.624286,2024-09-09T01:58:05.624286,13.230325,77.780771,"On 08-Sep-2024, a case of forgery was reported near Bengaluru Rural PS. Investigation initiated under 100020006202400002."
238,100020007202400004,202400004,2024-06-28,32,7,1,1,2,8,5,2,2024-06-27T06:30:07.450149,2024-06-28T03:30:07.450149,2024-06-27T07:30:07.450149,13.236289,77.758728,"On 27-Jun-2024, a case of dacoity was reported near Bengaluru CEN Crime PS. Investigation initiated under 100020007202400004."
239,100010001202400001,202400001,2024-12-23,74,1,1,2,7,25,7,9,2024-12-21T12:00:13.658016,2024-12-23T23:00:13.658016,2024-12-22T06:00:13.658016,13.142741,77.670405,"On 21-Dec-2024, a case of forgery was reported near Bengaluru Rural PS. Investigation initiated under 100010001202400001."
240,100050021202500004,202500004,2025-11-21,14,21,1,2,7,24,1,2,2025-11-19T13:43:35.356925,2025-11-21T13:43:35.356925,2025-11-20T10:43:35.356925,13.714022,78.071592,"On 19-Nov-2025, a case of criminal breach of trust was reported near Ballari South PS. Investigation initiated under 100050021202500004."
241,100090037202500001,202500001,2025-11-25,37,37,1,2,8,26,1,7,2025-11-24T23:06:26.661713,2025-11-25T11:06:26.661713,2025-11-25T09:06:26.661713,14.272448,78.480265,"On 24-Nov-2025, a case of rioting was reported near Shivamogga South PS. Investigation initiated under 100090037202500001."
242,100100042202400001,202400001,2024-12-19,56,42,1,2,3,12,2,1,2024-12-19T05:34:55.165950,2024-12-19T22:34:55.165950,2024-12-19T16:34:55.165950,14.450684,78.606947,"On 19-Dec-2024, a case of domestic violence was reported near Hubballi-Dharwad East PS. Investigation initiated under 100100042202400001."
243,100070029202400004,202400004,2024-12-09,53,29,1,2,3,10,7,10,2024-12-06T14:05:03.694132,2024-12-09T05:05:03.694132,2024-12-06T16:05:03.694132,14.007947,78.273263,"On 06-Dec-2024, a case of dowry harassment was reported near Kalaburagi West PS. Investigation initiated under 100070029202400004."
244,100090035202400002,202400002,2024-06-19,43,35,3,2,8,26,1,2,2024-06-18T20:59:29.155568,2024-06-19T10:59:29.155568,2024-06-19T09:59:29.155568,14.348422,78.464547,"On 18-Jun-2024, a case of rioting was reported near Shivamogga East PS. Investigation initiated under 100090035202400002."
245,100050020202400001,202400001,2024-07-11,116,20,3,2,8,27,2,7,2024-07-09T17:53:17.090236,2024-07-11T03:53:17.090236,2024-07-09T23:53:17.090236,13.754655,78.053844,"On 09-Jul-2024, a case of unlawful assembly was reported near Ballari Central PS. Investigation initiated under 100050020202400001."
246,100070027202500003,202500003,2025-07-07,13,27,1,2,1,4,7,1,2025-07-06T10:38:19.873688,2025-07-07T03:38:19.873688,2025-07-07T07:38:19.873688,14.016533,78.341546,"On 06-Jul-2025, a case of assault was reported near Kalaburagi Traffic PS. Investigation initiated under 100070027202500003."
247,100090036202400001,202400001,2024-06-01,119,36,1,2,7,24,1,2,2024-05-30T15:05:33.376131,2024-06-01T23:05:33.376131,2024-05-31T12:05:33.376131,14.299925,78.506638,"On 30-May-2024, a case of criminal breach of trust was reported near Shivamogga Town PS. Investigation initiated under 100090036202400001."
248,100020008202600001,202600001,2026-01-23,101,8,1,2,8,26,2,7,2026-01-21T06:44:32.979040,2026-01-23T18:44:32.979040,2026-01-21T20:44:32.979040,13.312399,77.809086,"On 21-Jan-2026, a case of rioting was reported near Bengaluru Rural PS. Investigation initiated under 100020008202600001."
249,100090037202500002,202500002,2025-12-21,91,37,1,2,7,25,1,3,2025-12-19T08:47:33.532023,2025-12-21T01:47:33.532023,2025-12-20T01:47:33.532023,14.287444,78.467697,"On 19-Dec-2025, a case of forgery was reported near Shivamogga South PS. Investigation initiated under 100090037202500002."
250,100100041202400002,202400002,2024-09-15,93,41,1,2,6,21,1,7,2024-09-14T03:08:26.985768,2024-09-15T08:08:26.985768,2024-09-14T13:08:26.985768,14.440983,78.628646,"On 14-Sep-2024, a case of ndps - possession was reported near Hubballi-Dharwad CEN Crime PS. Investigation initiated under 100100041202400002."
251,100060026202400001,202400001,2024-04-17,41,26,1,2,1,4,1,8,2024-04-17T01:01:56.942182,2024-04-17T11:01:56.942182,2024-04-17T08:01:56.942182,13.890334,78.182125,"On 17-Apr-2024, a case of assault was reported near Dakshina West PS. Investigation initiated under 100060026202400001."
252,100060023202500002,202500002,2025-05-18,25,23,1,2,5,20,4,5,2025-05-15T20:28:23.193379,2025-05-18T12:28:23.193379,2025-05-16T10:28:23.193379,13.872866,78.184594,"On 15-May-2025, a case of identity theft was reported near Dakshina Town PS. Investigation initiated under 100060023202500002."
253,100100038202400004,202400004,2024-05-26,32,38,1,2,6,22,1,2,2024-05-25T14:14:00.758068,2024-05-26T14:14:00.758068,2024-05-26T01:14:00.758068,14.464539,78.563191,"On 25-May-2024, a case of ndps - trafficking was reported near Hubballi-Dharwad Rural PS. Investigation initiated under 100100038202400004."
254,100070028202400002,202400002,2024-07-02,16,28,1,2,6,21,1,2,2024-06-30T06:58:05.269937,2024-07-02T22:58:05.269937,2024-06-30T22:58:05.269937,13.976279,78.272042,"On 30-Jun-2024, a case of ndps - possession was reported near Kalaburagi Central PS. Investigation initiated under 100070028202400002."
255,100090036202600001,202600001,2026-06-08,16,36,2,2,8,26,2,6,2026-06-06T07:56:14.927638,2026-06-08T18:56:14.927638,2026-06-06T23:56:14.927638,14.356467,78.541315,"On 06-Jun-2026, a case of rioting was reported near Shivamogga Town PS. Investigation initiated under 100090036202600001."
256,100100040202400001,202400001,2024-07-25,111,40,2,2,7,24,3,3,2024-07-24T15:09:22.275769,2024-07-25T09:09:22.275769,2024-07-25T10:09:22.275769,14.467669,78.557229,"On 24-Jul-2024, a case of criminal breach of trust was reported near Hubballi-Dharwad Rural PS. Investigation initiated under 100100040202400001."
257,100040014202400005,202400005,2024-11-06,25,14,1,1,2,8,1,8,2024-11-05T23:10:24.589713,2024-11-06T01:10:24.589713,2024-11-06T21:10:24.589713,13.543214,78.026451,"On 05-Nov-2024, a case of dacoity was reported near Belagavi CEN Crime PS. Investigation initiated under 100040014202400005."
258,100010002202500001,202500001,2025-09-09,51,2,1,2,8,27,1,9,2025-09-06T09:16:16.392406,2025-09-09T08:16:16.392406,2025-09-06T12:16:16.392406,13.107043,77.665807,"On 06-Sep-2025, a case of unlawful assembly was reported near Bengaluru Town PS. Investigation initiated under 100010002202500001."
259,100060026202400002,202400002,2024-01-09,45,26,1,1,2,6,4,5,2024-01-08T09:49:16.392883,2024-01-09T20:49:16.392883,2024-01-09T01:49:16.392883,13.842171,78.223173,"On 08-Jan-2024, a case of robbery was reported near Dakshina West PS. Investigation initiated under 100060026202400002."
260,100050019202500001,202500001,2025-03-31,63,19,2,2,3,11,4,6,2025-03-30T13:05:51.222769,2025-03-31T02:05:51.222769,2025-03-30T23:05:51.222769,13.751989,78.078168,"On 30-Mar-2025, a case of molestation was reported near Ballari North PS. Investigation initiated under 100050019202500001."
261,100060025202500004,202500004,2025-07-20,114,25,1,2,5,20,7,6,2025-07-17T05:10:10.880824,2025-07-20T01:10:10.880824,2025-07-17T11:10:10.880824,13.848131,78.212507,"On 17-Jul-2025, a case of identity theft was reported near Dakshina North PS. Investigation initiated under 100060025202500004."
262,100100040202400006,202400006,2024-12-25,37,40,1,2,3,12,2,10,2024-12-24T16:40:33.626616,2024-12-25T01:40:33.626616,2024-12-25T02:40:33.626616,14.423159,78.548695,"On 24-Dec-2024, a case of domestic violence was reported near Hubballi-Dharwad Rural PS. Investigation initiated under 100100040202400006."
263,100070028202600003,202600003,2026-05-24,42,28,1,2,2,7,7,10,2026-05-22T12:14:05.898642,2026-05-24T04:14:05.898642,2026-05-22T18:14:05.898642,14.027991,78.312492,"On 22-May-2026, a case of burglary was reported near Kalaburagi Central PS. Investigation initiated under 100070028202600003."
264,100090036202400002,202400002,2024-05-13,80,36,1,2,7,23,4,9,2024-05-11T09:13:39.644645,2024-05-13T00:13:39.644645,2024-05-11T17:13:39.644645,14.329632,78.481911,"On 11-May-2024, a case of cheating was reported near Shivamogga Town PS. Investigation initiated under 100090036202400002."
265,100080032202400003,202400003,2024-03-31,9,32,1,2,3,12,3,1,2024-03-31T05:21:37.465037,2024-03-31T06:21:37.465037,2024-03-31T21:21:37.465037,14.183966,78.36467,"On 31-Mar-2024, a case of domestic violence was reported near Tumakuru Rural PS. Investigation initiated under 100080032202400003."
266,100090035202400003,202400003,2024-11-09,31,35,1,2,8,26,2,3,2024-11-09T17:32:32.536211,2024-11-09T20:32:32.536211,2024-11-09T23:32:32.536211,14.285769,78.51906,"On 09-Nov-2024, a case of rioting was reported near Shivamogga East PS. Investigation initiated under 100090035202400003."
267,100100042202400002,202400002,2024-12-13,36,42,1,2,8,26,7,1,2024-12-11T14:52:55.247737,2024-12-13T12:52:55.247737,2024-12-11T19:52:55.247737,14.468391,78.616907,"On 11-Dec-2024, a case of rioting was reported near Hubballi-Dharwad East PS. Investigation initiated under 100100042202400002."
268,100090034202600002,202600002,2026-03-20,21,34,1,2,6,22,2,4,2026-03-18T09:47:53.745613,2026-03-20T13:47:53.745613,2026-03-18T12:47:53.745613,14.276093,78.529803,"On 18-Mar-2026, a case of ndps - trafficking was reported near Shivamogga Cyber Crime PS. Investigation initiated under 100090034202600002."
269,100070029202400005,202400005,2024-01-25,21,29,1,1,4,14,1,7,2024-01-22T16:04:30.805537,2024-01-25T01:04:30.805537,2024-01-23T14:04:30.805537,14.000209,78.264719,"On 22-Jan-2024, a case of pocso offences was reported near Kalaburagi West PS. Investigation initiated under 100070029202400005."
270,100020007202500003,202500003,2025-08-28,119,7,1,1,4,14,3,5,2025-08-26T08:45:48.504707,2025-08-28T03:45:48.504707,2025-08-26T09:45:48.504707,13.244002,77.838662,"On 26-Aug-2025, a case of pocso offences was reported near Bengaluru CEN Crime PS. Investigation initiated under 100020007202500003."
271,100090036202400001,202400001,2024-10-07,98,36,2,2,6,21,1,1,2024-10-07T08:37:07.830101,2024-10-07T18:37:07.830101,2024-10-08T03:37:07.830101,14.362032,78.514909,"On 07-Oct-2024, a case of ndps - possession was reported near Shivamogga Town PS. Investigation initiated under 100090036202400001."
272,100090036202500001,202500001,2025-11-29,57,36,1,2,7,24,3,2,2025-11-27T03:20:42.449356,2025-11-29T11:20:42.449356,2025-11-28T02:20:42.449356,14.314283,78.458377,"On 27-Nov-2025, a case of criminal breach of trust was reported near Shivamogga Town PS. Investigation initiated under 100090036202500001."
273,100040014202500003,202500003,2025-11-28,84,14,1,2,6,21,2,4,2025-11-26T15:12:51.050696,2025-11-28T06:12:51.050696,2025-11-27T03:12:51.050696,13.599621,77.973868,"On 26-Nov-2025, a case of ndps - possession was reported near Belagavi CEN Crime PS. Investigation initiated under 100040014202500003."
274,100020008202400005,202400005,2024-06-20,36,8,1,2,1,3,1,10,2024-06-18T04:20:07.146252,2024-06-20T06:20:07.146252,2024-06-18T14:20:07.146252,13.304318,77.753049,"On 18-Jun-2024, a case of grievous hurt was reported near Bengaluru Rural PS. Investigation initiated under 100020008202400005."
275,100090035202500001,202500001,2025-01-18,117,35,1,2,5,18,7,1,2025-01-15T18:16:45.761534,2025-01-18T06:16:45.761534,2025-01-16T18:16:45.761534,14.370861,78.468423,"On 15-Jan-2025, a case of hacking was reported near Shivamogga East PS. Investigation initiated under 100090035202500001."
276,100010004202600002,202600002,2026-01-15,34,4,1,2,2,7,6,5,2026-01-12T08:59:01.848849,2026-01-15T07:59:01.848849,2026-01-12T19:59:01.848849,13.166929,77.688644,"On 12-Jan-2026, a case of burglary was reported near Bengaluru Central PS. Investigation initiated under 100010004202600002."
277,100010002202500002,202500002,2025-11-03,66,2,1,2,6,21,3,2,2025-11-01T20:00:17.808376,2025-11-03T17:00:17.808376,2025-11-02T00:00:17.808376,13.079348,77.688981,"On 01-Nov-2025, a case of ndps - possession was reported near Bengaluru Town PS. Investigation initiated under 100010002202500002."
278,100080033202600001,202600001,2026-03-20,84,33,1,2,6,21,2,2,2026-03-20T05:01:42.529588,2026-03-20T10:01:42.529588,2026-03-21T03:01:42.529588,14.194226,78.382709,"On 20-Mar-2026, a case of ndps - possession was reported near Tumakuru West PS. Investigation initiated under 100080033202600001."
279,100090036202600003,202600003,2026-06-02,17,36,1,2,6,22,3,9,2026-05-31T03:51:32.171336,2026-06-02T13:51:32.171336,2026-05-31T17:51:32.171336,14.294576,78.527382,"On 31-May-2026, a case of ndps - trafficking was reported near Shivamogga Town PS. Investigation initiated under 100090036202600003."
280,100090036202600004,202600004,2026-04-28,93,36,1,2,5,17,1,1,2026-04-27T02:25:05.503957,2026-04-28T22:25:05.503957,2026-04-27T21:25:05.503957,14.332476,78.455377,"On 27-Apr-2026, a case of online financial fraud was reported near Shivamogga Town PS. Investigation initiated under 100090036202600004."
281,100050021202600002,202600002,2026-06-14,68,21,1,2,5,17,1,10,2026-06-11T14:55:04.661675,2026-06-14T06:55:04.661675,2026-06-12T01:55:04.661675,13.676429,78.096368,"On 11-Jun-2026, a case of online financial fraud was reported near Ballari South PS. Investigation initiated under 100050021202600002."
282,100100039202500001,202500001,2025-05-09,74,39,3,1,4,14,2,7,2025-05-09T19:21:48.503243,2025-05-09T23:21:48.503243,2025-05-10T07:21:48.503243,14.441914,78.638781,"On 09-May-2025, a case of pocso offences was reported near Hubballi-Dharwad North PS. Investigation initiated under 100100039202500001."
283,100090034202500002,202500002,2025-04-29,20,34,1,1,1,1,1,8,2025-04-27T08:32:09.870447,2025-04-29T09:32:09.870447,2025-04-27T16:32:09.870447,14.338935,78.471129,"On 27-Apr-2025, a case of murder was reported near Shivamogga Cyber Crime PS. Investigation initiated under 100090034202500002."
284,100050019202400003,202400003,2024-10-21,23,19,1,2,2,7,2,8,2024-10-18T19:04:10.825001,2024-10-21T05:04:10.825001,2024-10-19T06:04:10.825001,13.69634,78.087087,"On 18-Oct-2024, a case of burglary was reported near Ballari North PS. Investigation initiated under 100050019202400003."
285,100010004202400002,202400002,2024-11-30,113,4,1,2,4,15,3,3,2024-11-29T20:45:24.450566,2024-11-30T02:45:24.450566,2024-11-30T06:45:24.450566,13.116364,77.666731,"On 29-Nov-2024, a case of child trafficking was reported near Bengaluru Central PS. Investigation initiated under 100010004202400002."
286,100050019202400001,202400001,2024-03-12,109,19,2,2,6,22,2,1,2024-03-09T02:50:58.145807,2024-03-12T01:50:58.145807,2024-03-10T02:50:58.145807,13.69647,78.045964,"On 09-Mar-2024, a case of ndps - trafficking was reported near Ballari North PS. Investigation initiated under 100050019202400001."
287,100100039202500002,202500002,2025-12-23,34,39,3,2,6,22,2,10,2025-12-23T14:23:58.027431,2025-12-23T17:23:58.027431,2025-12-24T00:23:58.027431,14.449005,78.564867,"On 23-Dec-2025, a case of ndps - trafficking was reported near Hubballi-Dharwad North PS. Investigation initiated under 100100039202500002."
288,100090037202500003,202500003,2025-11-29,63,37,1,2,5,19,1,10,2025-11-28T20:49:17.440879,2025-11-29T07:49:17.440879,2025-11-29T00:49:17.440879,14.327689,78.465368,"On 28-Nov-2025, a case of cyberstalking was reported near Shivamogga South PS. Investigation initiated under 100090037202500003."
289,100020008202600002,202600002,2026-04-18,63,8,1,2,8,26,1,3,2026-04-15T22:31:30.979419,2026-04-18T05:31:30.979419,2026-04-16T14:31:30.979419,13.238672,77.824915,"On 15-Apr-2026, a case of rioting was reported near Bengaluru Rural PS. Investigation initiated under 100020008202600002."
290,100030009202600001,202600001,2026-01-09,1,9,1,2,8,26,1,5,2026-01-08T17:47:34.420916,2026-01-09T16:47:34.420916,2026-01-08T22:47:34.420916,13.418649,77.943931,"On 08-Jan-2026, a case of rioting was reported near Mysuru North PS. Investigation initiated under 100030009202600001."
291,100090034202400003,202400003,2024-06-06,61,34,1,2,7,24,2,4,2024-06-05T04:29:22.991508,2024-06-06T16:29:22.991508,2024-06-06T04:29:22.991508,14.358734,78.51145,"On 05-Jun-2024, a case of criminal breach of trust was reported near Shivamogga Cyber Crime PS. Investigation initiated under 100090034202400003."
292,100080033202500001,202500001,2025-01-14,67,33,2,2,4,16,2,6,2025-01-12T18:49:38.084812,2025-01-14T20:49:38.084812,2025-01-13T17:49:38.084812,14.169048,78.375776,"On 12-Jan-2025, a case of child labour was reported near Tumakuru West PS. Investigation initiated under 100080033202500001."
293,100060024202400002,202400002,2024-04-30,35,24,1,2,1,3,1,1,2024-04-28T13:21:13.770280,2024-04-30T13:21:13.770280,2024-04-28T22:21:13.770280,13.871879,78.145899,"On 28-Apr-2024, a case of grievous hurt was reported near Dakshina Traffic PS. Investigation initiated under 100060024202400002."
294,100020006202500004,202500004,2025-05-25,110,6,1,2,2,5,2,4,2025-05-24T17:52:29.024539,2025-05-25T01:52:29.024539,2025-05-25T04:52:29.024539,13.231348,77.799008,"On 24-May-2025, a case of theft was reported near Bengaluru Rural PS. Investigation initiated under 100020006202500004."
295,100020008202500003,202500003,2025-06-25,12,8,1,2,2,9,7,3,2025-06-25T02:46:58.937559,2025-06-25T14:46:58.937559,2025-06-25T06:46:58.937559,13.313401,77.76285,"On 25-Jun-2025, a case of criminal trespass was reported near Bengaluru Rural PS. Investigation initiated under 100020008202500003."
296,100050019202500003,202500003,2025-11-22,67,19,1,2,8,27,1,8,2025-11-20T03:16:37.320229,2025-11-22T01:16:37.320229,2025-11-20T22:16:37.320229,13.707961,78.121837,"On 20-Nov-2025, a case of unlawful assembly was reported near Ballari North PS. Investigation initiated under 100050019202500003."
297,100100041202400003,202400003,2024-01-21,117,41,1,1,1,2,2,6,2024-01-19T22:54:38.679946,2024-01-21T17:54:38.679946,2024-01-20T09:54:38.679946,14.486388,78.554621,"On 19-Jan-2024, a case of attempt to murder was reported near Hubballi-Dharwad CEN Crime PS. Investigation initiated under 100100041202400003."
298,100090034202500003,202500003,2025-08-25,103,34,1,2,3,11,3,6,2025-08-24T23:14:25.456218,2025-08-25T06:14:25.456218,2025-08-25T02:14:25.456218,14.302527,78.521182,"On 24-Aug-2025, a case of molestation was reported near Shivamogga Cyber Crime PS. Investigation initiated under 100090034202500003."
299,100070030202500002,202500002,2025-04-01,105,30,1,1,2,8,1,7,2025-03-31T20:14:42.759434,2025-04-01T14:14:42.759434,2025-04-01T09:14:42.759434,14.048926,78.334402,"On 31-Mar-2025, a case of dacoity was reported near Kalaburagi Rural PS. Investigation initiated under 100070030202500002."
300,100060026202500006,202500006,2025-03-22,52,26,1,1,2,8,5,1,2025-03-20T22:39:00.439012,2025-03-22T19:39:00.439012,2025-03-21T20:39:00.439012,13.894867,78.210187,"On 20-Mar-2025, a case of dacoity was reported near Dakshina West PS. Investigation initiated under 100060026202500006."
301,100020008202400002,202400002,2024-05-18,91,8,2,2,7,25,4,10,2024-05-17T21:35:19.178394,2024-05-18T08:35:19.178394,2024-05-18T02:35:19.178394,13.222296,77.83942,"On 17-May-2024, a case of forgery was reported near Bengaluru Rural PS. Investigation initiated under 100020008202400002."
302,100060023202400002,202400002,2024-08-07,64,23,1,2,7,23,1,7,2024-08-04T08:01:02.529255,2024-08-07T05:01:02.529255,2024-08-04T12:01:02.529255,13.834205,78.159064,"On 04-Aug-2024, a case of cheating was reported near Dakshina Town PS. Investigation initiated under 100060023202400002."
303,100020008202400003,202400003,2024-07-07,74,8,2,2,5,19,3,8,2024-07-04T15:30:11.620009,2024-07-07T13:30:11.620009,2024-07-04T23:30:11.620009,13.291026,77.749483,"On 04-Jul-2024, a case of cyberstalking was reported near Bengaluru Rural PS. Investigation initiated under 100020008202400003."
304,100100039202400001,202400001,2024-10-16,44,39,2,2,7,25,2,6,2024-10-13T17:34:33.715982,2024-10-16T15:34:33.715982,2024-10-14T06:34:33.715982,14.46916,78.600366,"On 13-Oct-2024, a case of forgery was reported near Hubballi-Dharwad North PS. Investigation initiated under 100100039202400001."
305,100030009202600002,202600002,2026-02-10,21,9,1,2,2,5,2,7,2026-02-09T12:16:25.351429,2026-02-10T16:16:25.351429,2026-02-09T16:16:25.351429,13.428675,77.862462,"On 09-Feb-2026, a case of theft was reported near Mysuru North PS. Investigation initiated under 100030009202600002."
306,100010002202600002,202600002,2026-03-20,73,2,1,2,3,10,2,8,2026-03-18T06:30:08.690186,2026-03-20T11:30:08.690186,2026-03-18T07:30:08.690186,13.104102,77.669594,"On 18-Mar-2026, a case of dowry harassment was reported near Bengaluru Town PS. Investigation initiated under 100010002202600002."
307,100040016202500001,202500001,2025-07-11,9,16,2,2,8,26,5,1,2025-07-09T21:37:07.308401,2025-07-11T16:37:07.308401,2025-07-10T03:37:07.308401,13.546086,78.016805,"On 09-Jul-2025, a case of rioting was reported near Belagavi Town PS. Investigation initiated under 100040016202500001."
308,100080033202500004,202500004,2025-02-04,75,33,1,2,8,27,4,2,2025-02-04T06:57:18.755258,2025-02-04T20:57:18.755258,2025-02-04T11:57:18.755258,14.206307,78.420394,"On 04-Feb-2025, a case of unlawful assembly was reported near Tumakuru West PS. Investigation initiated under 100080033202500004."
309,100050020202500004,202500004,2025-07-13,33,20,1,2,8,27,1,4,2025-07-12T11:16:59.174725,2025-07-13T04:16:59.174725,2025-07-12T16:16:59.174725,13.732345,78.130515,"On 12-Jul-2025, a case of unlawful assembly was reported near Ballari Central PS. Investigation initiated under 100050020202500004."
310,100030010202500003,202500003,2025-09-22,108,10,1,1,2,6,2,9,2025-09-20T09:18:39.856704,2025-09-22T20:18:39.856704,2025-09-21T04:18:39.856704,13.46287,77.93523,"On 20-Sep-2025, a case of robbery was reported near Mysuru Town PS. Investigation initiated under 100030010202500003."
311,100100042202500001,202500001,2025-05-30,36,42,3,2,4,16,4,2,2025-05-29T18:28:46.813865,2025-05-30T17:28:46.813865,2025-05-29T20:28:46.813865,14.519538,78.571176,"On 29-May-2025, a case of child labour was reported near Hubballi-Dharwad East PS. Investigation initiated under 100100042202500001."
312,100070029202500001,202500001,2025-03-29,35,29,2,2,4,16,5,8,2025-03-27T09:04:23.054839,2025-03-29T20:04:23.054839,2025-03-27T10:04:23.054839,13.996775,78.285317,"On 27-Mar-2025, a case of child labour was reported near Kalaburagi West PS. Investigation initiated under 100070029202500001."
313,100040014202400006,202400006,2024-03-13,27,14,1,2,5,19,4,10,2024-03-10T21:00:53.392896,2024-03-13T10:00:53.392896,2024-03-11T01:00:53.392896,13.590075,78.037355,"On 10-Mar-2024, a case of cyberstalking was reported near Belagavi CEN Crime PS. Investigation initiated under 100040014202400006."
314,100060023202500003,202500003,2025-07-11,33,23,1,2,3,13,4,5,2025-07-11T04:31:57.289415,2025-07-11T07:31:57.289415,2025-07-12T03:31:57.289415,13.841821,78.210805,"On 11-Jul-2025, a case of stalking was reported near Dakshina Town PS. Investigation initiated under 100060023202500003."
315,100050018202400001,202400001,2024-10-21,37,18,4,2,7,23,1,2,2024-10-19T13:55:28.816310,2024-10-21T09:55:28.816310,2024-10-19T22:55:28.816310,13.72539,78.088412,"On 19-Oct-2024, a case of cheating was reported near Ballari CEN Crime PS. Investigation initiated under 100050018202400001."
316,100050017202400003,202400003,2024-08-24,7,17,1,1,1,2,1,9,2024-08-22T14:26:20.183631,2024-08-24T19:26:20.183631,2024-08-23T04:26:20.183631,13.711231,78.093236,"On 22-Aug-2024, a case of attempt to murder was reported near Ballari Central PS. Investigation initiated under 100050017202400003."
317,100100040202500002,202500002,2025-12-30,95,40,1,1,4,14,4,3,2025-12-27T20:51:52.273010,2025-12-30T04:51:52.273010,2025-12-28T05:51:52.273010,14.468172,78.633536,"On 27-Dec-2025, a case of pocso offences was reported near Hubballi-Dharwad Rural PS. Investigation initiated under 100100040202500002."
318,100090037202400004,202400004,2024-01-11,6,37,1,2,3,11,1,3,2024-01-10T18:16:28.565411,2024-01-11T07:16:28.565411,2024-01-10T19:16:28.565411,14.324942,78.539049,"On 10-Jan-2024, a case of molestation was reported near Shivamogga South PS. Investigation initiated under 100090037202400004."
319,100040014202500004,202500004,2025-10-22,23,14,1,2,8,27,2,9,2025-10-21T12:35:37.384251,2025-10-22T15:35:37.384251,2025-10-22T01:35:37.384251,13.580622,77.957065,"On 21-Oct-2025, a case of unlawful assembly was reported near Belagavi CEN Crime PS. Investigation initiated under 100040014202500004."
320,100100042202500002,202500002,2025-12-30,19,42,2,2,8,26,7,4,2025-12-28T16:13:45.765614,2025-12-30T04:13:45.765614,2025-12-29T16:13:45.765614,14.486336,78.576927,"On 28-Dec-2025, a case of rioting was reported near Hubballi-Dharwad East PS. Investigation initiated under 100100042202500002."
321,100040014202500005,202500005,2025-01-12,5,14,1,2,6,22,3,3,2025-01-12T06:46:37.564919,2025-01-12T10:46:37.564919,2025-01-12T07:46:37.564919,13.554758,78.033482,"On 12-Jan-2025, a case of ndps - trafficking was reported near Belagavi CEN Crime PS. Investigation initiated under 100040014202500005."
322,100090035202600002,202600002,2026-04-12,19,35,1,1,2,8,2,4,2026-04-11T21:29:20.345656,2026-04-12T23:29:20.345656,2026-04-12T02:29:20.345656,14.293531,78.457581,"On 11-Apr-2026, a case of dacoity was reported near Shivamogga East PS. Investigation initiated under 100090035202600002."
323,100030010202500004,202500004,2025-12-02,107,10,1,2,1,4,3,4,2025-12-01T16:24:31.759681,2025-12-02T18:24:31.759681,2025-12-01T22:24:31.759681,13.373032,77.908063,"On 01-Dec-2025, a case of assault was reported near Mysuru Town PS. Investigation initiated under 100030010202500004."
324,100080032202400001,202400001,2024-04-04,55,32,2,2,8,26,3,1,2024-04-02T04:42:53.032444,2024-04-04T00:42:53.032444,2024-04-02T21:42:53.032444,14.147886,78.422795,"On 02-Apr-2024, a case of rioting was reported near Tumakuru Rural PS. Investigation initiated under 100080032202400001."
325,100090035202600003,202600003,2026-05-23,22,35,1,2,4,16,7,10,2026-05-21T03:13:40.141492,2026-05-23T23:13:40.141492,2026-05-21T09:13:40.141492,14.309047,78.454614,"On 21-May-2026, a case of child labour was reported near Shivamogga East PS. Investigation initiated under 100090035202600003."
326,100030011202400002,202400002,2024-03-05,18,11,1,2,7,25,1,7,2024-03-04T02:21:50.274967,2024-03-05T23:21:50.274967,2024-03-04T05:21:50.274967,13.394231,77.939505,"On 04-Mar-2024, a case of forgery was reported near Mysuru Town PS. Investigation initiated under 100030011202400002."
327,100050017202500003,202500003,2025-07-16,94,17,1,2,8,27,2,10,2025-07-13T10:54:36.400492,2025-07-16T01:54:36.400492,2025-07-13T20:54:36.400492,13.694063,78.054905,"On 13-Jul-2025, a case of unlawful assembly was reported near Ballari Central PS. Investigation initiated under 100050017202500003."
328,100060025202400002,202400002,2024-01-28,31,25,1,2,2,9,5,6,2024-01-28T01:25:16.773070,2024-01-28T14:25:16.773070,2024-01-28T20:25:16.773070,13.831091,78.241273,"On 28-Jan-2024, a case of criminal trespass was reported near Dakshina North PS. Investigation initiated under 100060025202400002."
329,100060023202500004,202500004,2025-04-08,34,23,1,2,4,15,2,3,2025-04-07T23:00:08.238378,2025-04-08T06:00:08.238378,2025-04-08T10:00:08.238378,13.86742,78.243698,"On 07-Apr-2025, a case of child trafficking was reported near Dakshina Town PS. Investigation initiated under 100060023202500004."
330,100080032202400004,202400004,2024-11-06,40,32,1,2,8,27,4,9,2024-11-05T19:33:05.379211,2024-11-06T17:33:05.379211,2024-11-06T06:33:05.379211,14.123193,78.363579,"On 05-Nov-2024, a case of unlawful assembly was reported near Tumakuru Rural PS. Investigation initiated under 100080032202400004."
331,100040015202400002,202400002,2024-03-23,3,15,1,2,4,15,3,10,2024-03-22T09:35:11.075174,2024-03-23T13:35:11.075174,2024-03-22T14:35:11.075174,13.522842,77.968968,"On 22-Mar-2024, a case of child trafficking was reported near Belagavi Cyber Crime PS. Investigation initiated under 100040015202400002."
332,100080033202400002,202400002,2024-01-01,71,33,1,2,6,21,5,4,2023-12-31T12:27:30.452981,2024-01-01T18:27:30.452981,2024-01-01T12:27:30.452981,14.156434,78.414814,"On 31-Dec-2023, a case of ndps - possession was reported near Tumakuru West PS. Investigation initiated under 100080033202400002."
333,100100038202500003,202500003,2025-10-02,79,38,1,1,1,1,4,2,2025-09-30T12:13:57.212853,2025-10-02T10:13:57.212853,2025-10-01T07:13:57.212853,14.433568,78.642335,"On 30-Sep-2025, a case of murder was reported near Hubballi-Dharwad Rural PS. Investigation initiated under 100100038202500003."
334,100080031202500002,202500002,2025-05-12,64,31,1,2,6,21,1,2,2025-05-10T05:33:36.111779,2025-05-12T03:33:36.111779,2025-05-10T11:33:36.111779,14.192326,78.432506,"On 10-May-2025, a case of ndps - possession was reported near Tumakuru North PS. Investigation initiated under 100080031202500002."
335,100090037202600003,202600003,2026-06-28,13,37,1,1,2,6,1,3,2026-06-26T00:19:04.329887,2026-06-28T16:19:04.329887,2026-06-26T06:19:04.329887,14.325121,78.542177,"On 26-Jun-2026, a case of robbery was reported near Shivamogga South PS. Investigation initiated under 100090037202600003."
336,100020007202400005,202400005,2024-03-18,86,7,1,2,3,12,7,9,2024-03-15T06:06:48.487008,2024-03-18T05:06:48.487008,2024-03-15T19:06:48.487008,13.300006,77.839001,"On 15-Mar-2024, a case of domestic violence was reported near Bengaluru CEN Crime PS. Investigation initiated under 100020007202400005."
337,100030013202500005,202500005,2025-01-21,72,13,1,2,7,24,2,8,2025-01-21T08:14:27.945330,2025-01-21T19:14:27.945330,2025-01-22T00:14:27.945330,13.373983,77.855032,"On 21-Jan-2025, a case of criminal breach of trust was reported near Mysuru Central PS. Investigation initiated under 100030013202500005."
338,100090034202400002,202400002,2024-01-31,92,34,2,2,6,21,7,6,2024-01-30T23:24:48.754845,2024-01-31T12:24:48.754845,2024-01-31T14:24:48.754845,14.366596,78.533836,"On 30-Jan-2024, a case of ndps - possession was reported near Shivamogga Cyber Crime PS. Investigation initiated under 100090034202400002."
339,100060024202400001,202400001,2024-05-09,55,24,3,2,7,23,1,10,2024-05-08T06:00:38.736632,2024-05-09T14:00:38.736632,2024-05-09T02:00:38.736632,13.888453,78.232794,"On 08-May-2024, a case of cheating was reported near Dakshina Traffic PS. Investigation initiated under 100060024202400001."
340,100030011202500001,202500001,2025-05-02,88,11,3,2,8,26,1,7,2025-05-01T04:48:28.908902,2025-05-02T22:48:28.908902,2025-05-01T10:48:28.908902,13.46595,77.87025,"On 01-May-2025, a case of rioting was reported near Mysuru Town PS. Investigation initiated under 100030011202500001."
341,100030013202600001,202600001,2026-01-07,23,13,2,2,6,21,2,6,2026-01-06T21:06:38.972255,2026-01-07T17:06:38.972255,2026-01-07T08:06:38.972255,13.457549,77.86968,"On 06-Jan-2026, a case of ndps - possession was reported near Mysuru Central PS. Investigation initiated under 100030013202600001."
342,100010005202600002,202600002,2026-02-21,88,5,1,1,1,2,4,4,2026-02-19T14:48:15.518667,2026-02-21T08:48:15.518667,2026-02-20T02:48:15.518667,13.075443,77.734752,"On 19-Feb-2026, a case of attempt to murder was reported near Bengaluru Central PS. Investigation initiated under 100010005202600002."
343,100040016202600001,202600001,2026-01-06,69,16,1,2,5,19,7,6,2026-01-04T07:01:01.386085,2026-01-06T18:01:01.386085,2026-01-04T23:01:01.386085,13.613543,77.959914,"On 04-Jan-2026, a case of cyberstalking was reported near Belagavi Town PS. Investigation initiated under 100040016202600001."
344,100060023202400003,202400003,2024-08-05,60,23,1,2,7,24,6,6,2024-08-02T13:11:36.770007,2024-08-05T00:11:36.770007,2024-08-03T13:11:36.770007,13.866831,78.239837,"On 02-Aug-2024, a case of criminal breach of trust was reported near Dakshina Town PS. Investigation initiated under 100060023202400003."
345,100040014202500006,202500006,2025-04-28,26,14,1,2,3,12,7,3,2025-04-27T22:19:02.632430,2025-04-28T18:19:02.632430,2025-04-28T19:19:02.632430,13.561788,78.022786,"On 27-Apr-2025, a case of domestic violence was reported near Belagavi CEN Crime PS. Investigation initiated under 100040014202500006."
346,100090036202500002,202500002,2025-04-19,81,36,1,2,3,11,2,8,2025-04-16T07:42:59.132183,2025-04-19T04:42:59.132183,2025-04-17T03:42:59.132183,14.312568,78.500766,"On 16-Apr-2025, a case of molestation was reported near Shivamogga Town PS. Investigation initiated under 100090036202500002."
347,100030009202500003,202500003,2025-07-18,101,9,1,2,7,23,1,2,2025-07-17T19:21:59.154929,2025-07-18T21:21:59.154929,2025-07-18T16:21:59.154929,13.40367,77.915741,"On 17-Jul-2025, a case of cheating was reported near Mysuru North PS. Investigation initiated under 100030009202500003."
348,100060022202500002,202500002,2025-09-26,2,22,1,2,8,26,1,10,2025-09-26T05:28:00.240471,2025-09-26T10:28:00.240471,2025-09-26T10:28:00.240471,13.908804,78.237255,"On 26-Sep-2025, a case of rioting was reported near Dakshina East PS. Investigation initiated under 100060022202500002."
349,100020008202600003,202600003,2026-05-21,31,8,1,2,3,10,1,2,2026-05-20T13:17:51.160088,2026-05-21T12:17:51.160088,2026-05-21T01:17:51.160088,13.228096,77.801791,"On 20-May-2026, a case of dowry harassment was reported near Bengaluru Rural PS. Investigation initiated under 100020008202600003."
350,100100041202500003,202500003,2025-07-10,94,41,1,2,8,26,4,10,2025-07-07T22:17:15.568338,2025-07-10T14:17:15.568338,2025-07-08T18:17:15.568338,14.492227,78.591521,"On 07-Jul-2025, a case of rioting was reported near Hubballi-Dharwad CEN Crime PS. Investigation initiated under 100100041202500003."
351,100070028202400003,202400003,2024-04-04,9,28,1,2,6,21,2,8,2024-04-02T19:44:54.218312,2024-04-04T04:44:54.218312,2024-04-03T05:44:54.218312,14.04703,78.251065,"On 02-Apr-2024, a case of ndps - possession was reported near Kalaburagi Central PS. Investigation initiated under 100070028202400003."
352,100070030202400002,202400002,2024-07-24,112,30,1,2,3,13,2,3,2024-07-24T19:20:08.436237,2024-07-24T23:20:08.436237,2024-07-25T00:20:08.436237,14.050427,78.282746,"On 24-Jul-2024, a case of stalking was reported near Kalaburagi Rural PS. Investigation initiated under 100070030202400002."
353,100100039202500001,202500001,2025-08-25,81,39,1,2,4,16,7,3,2025-08-24T10:08:51.836683,2025-08-25T14:08:51.836683,2025-08-25T00:08:51.836683,14.470651,78.640286,"On 24-Aug-2025, a case of child labour was reported near Hubballi-Dharwad North PS. Investigation initiated under 100100039202500001."
354,100030009202400001,202400001,2024-02-27,3,9,4,2,4,16,2,6,2024-02-26T03:46:57.734156,2024-02-27T10:46:57.734156,2024-02-26T11:46:57.734156,13.420459,77.891575,"On 26-Feb-2024, a case of child labour was reported near Mysuru North PS. Investigation initiated under 100030009202400001."
355,100050021202400003,202400003,2024-02-03,8,21,1,2,6,21,5,4,2024-02-02T14:10:42.184400,2024-02-03T15:10:42.184400,2024-02-03T10:10:42.184400,13.732108,78.074162,"On 02-Feb-2024, a case of ndps - possession was reported near Ballari South PS. Investigation initiated under 100050021202400003."
356,100030011202500004,202500004,2025-07-30,37,11,1,2,6,21,7,3,2025-07-28T12:41:38.117785,2025-07-30T23:41:38.117785,2025-07-28T21:41:38.117785,13.391378,77.905254,"On 28-Jul-2025, a case of ndps - possession was reported near Mysuru Town PS. Investigation initiated under 100030011202500004."
357,100090037202400005,202400005,2024-11-03,92,37,1,1,1,2,2,4,2024-11-03T06:45:57.588169,2024-11-03T15:45:57.588169,2024-11-03T11:45:57.588169,14.286757,78.496878,"On 03-Nov-2024, a case of attempt to murder was reported near Shivamogga South PS. Investigation initiated under 100090037202400005."
358,100020008202400004,202400004,2024-02-27,29,8,2,2,5,18,1,8,2024-02-24T15:48:02.437068,2024-02-27T15:48:02.437068,2024-02-24T16:48:02.437068,13.226848,77.828889,"On 24-Feb-2024, a case of hacking was reported near Bengaluru Rural PS. Investigation initiated under 100020008202400004."
359,100010001202400001,202400001,2024-06-12,78,1,3,2,5,19,2,5,2024-06-09T20:59:18.943300,2024-06-12T14:59:18.943300,2024-06-10T09:59:18.943300,13.087586,77.664759,"On 09-Jun-2024, a case of cyberstalking was reported near Bengaluru Rural PS. Investigation initiated under 100010001202400001."
360,100060022202400002,202400002,2024-05-10,62,22,1,2,7,25,1,9,2024-05-08T08:54:25.584447,2024-05-10T11:54:25.584447,2024-05-09T04:54:25.584447,13.896986,78.236682,"On 08-May-2024, a case of forgery was reported near Dakshina East PS. Investigation initiated under 100060022202400002."
361,100050020202400001,202400001,2024-04-17,93,20,1,2,8,26,1,4,2024-04-17T00:00:40.404656,2024-04-17T04:00:40.404656,2024-04-17T16:00:40.404656,13.689058,78.055859,"On 17-Apr-2024, a case of rioting was reported near Ballari Central PS. Investigation initiated under 100050020202400001."
362,100010003202500002,202500002,2025-09-03,112,3,1,2,5,19,4,4,2025-09-02T02:04:55.191572,2025-09-03T04:04:55.191572,2025-09-02T11:04:55.191572,13.074041,77.671796,"On 02-Sep-2025, a case of cyberstalking was reported near Bengaluru East PS. Investigation initiated under 100010003202500002."
363,100030010202500001,202500001,2025-06-24,43,10,2,2,8,27,2,6,2025-06-22T05:09:48.325216,2025-06-24T13:09:48.325216,2025-06-22T08:09:48.325216,13.431815,77.933077,"On 22-Jun-2025, a case of unlawful assembly was reported near Mysuru Town PS. Investigation initiated under 100030010202500001."
364,100060026202500007,202500007,2025-03-05,107,26,1,2,6,22,3,4,2025-03-04T23:02:05.306113,2025-03-05T13:02:05.306113,2025-03-05T07:02:05.306113,13.885647,78.189965,"On 04-Mar-2025, a case of ndps - trafficking was reported near Dakshina West PS. Investigation initiated under 100060026202500007."
365,100010005202500001,202500001,2025-07-30,39,5,1,2,8,26,2,6,2025-07-28T11:40:41.544292,2025-07-30T09:40:41.544292,2025-07-29T09:40:41.544292,13.1119,77.714382,"On 28-Jul-2025, a case of rioting was reported near Bengaluru Central PS. Investigation initiated under 100010005202500001."
366,100080032202400002,202400002,2024-06-05,81,32,2,1,2,8,1,2,2024-06-04T15:15:15.913072,2024-06-05T03:15:15.913072,2024-06-04T18:15:15.913072,14.146139,78.427663,"On 04-Jun-2024, a case of dacoity was reported near Tumakuru Rural PS. Investigation initiated under 100080032202400002."
367,100090034202400004,202400004,2024-10-25,88,34,1,2,8,27,6,3,2024-10-25T05:51:13.302577,2024-10-25T11:51:13.302577,2024-10-25T15:51:13.302577,14.331712,78.487273,"On 25-Oct-2024, a case of unlawful assembly was reported near Shivamogga Cyber Crime PS. Investigation initiated under 100090034202400004."
368,100090035202400004,202400004,2024-11-22,34,35,1,2,8,26,1,6,2024-11-19T20:47:00.817269,2024-11-22T20:47:00.817269,2024-11-20T19:47:00.817269,14.313826,78.451118,"On 19-Nov-2024, a case of rioting was reported near Shivamogga East PS. Investigation initiated under 100090035202400004."
369,100060026202400003,202400003,2024-06-17,104,26,1,1,1,1,1,3,2024-06-16T05:05:32.346951,2024-06-17T16:05:32.346951,2024-06-17T00:05:32.346951,13.874652,78.174934,"On 16-Jun-2024, a case of murder was reported near Dakshina West PS. Investigation initiated under 100060026202400003."
370,100010005202500002,202500002,2025-11-17,97,5,1,2,4,16,4,7,2025-11-15T16:12:46.022188,2025-11-17T15:12:46.022188,2025-11-16T00:12:46.022188,13.154398,77.685239,"On 15-Nov-2025, a case of child labour was reported near Bengaluru Central PS. Investigation initiated under 100010005202500002."
371,100090036202500003,202500003,2025-08-14,118,36,1,2,3,10,2,6,2025-08-12T00:12:11.327430,2025-08-14T03:12:11.327430,2025-08-12T09:12:11.327430,14.318051,78.525281,"On 12-Aug-2025, a case of dowry harassment was reported near Shivamogga Town PS. Investigation initiated under 100090036202500003."
372,100090037202400006,202400006,2024-09-09,55,37,1,2,5,18,5,4,2024-09-06T23:09:25.453649,2024-09-09T18:09:25.453649,2024-09-07T21:09:25.453649,14.312754,78.470991,"On 06-Sep-2024, a case of hacking was reported near Shivamogga South PS. Investigation initiated under 100090037202400006."
373,100080032202500001,202500001,2025-04-25,10,32,1,2,7,24,4,5,2025-04-22T21:01:43.425481,2025-04-25T08:01:43.425481,2025-04-23T15:01:43.425481,14.15574,78.370073,"On 22-Apr-2025, a case of criminal breach of trust was reported near Tumakuru Rural PS. Investigation initiated under 100080032202500001."
374,100010003202400001,202400001,2024-04-12,88,3,2,2,5,17,2,7,2024-04-10T16:59:38.477787,2024-04-12T03:59:38.477787,2024-04-10T21:59:38.477787,13.149987,77.737175,"On 10-Apr-2024, a case of online financial fraud was reported near Bengaluru East PS. Investigation initiated under 100010003202400001."
375,100050018202500001,202500001,2025-08-21,115,18,2,2,2,5,1,3,2025-08-18T20:17:09.097852,2025-08-21T01:17:09.097852,2025-08-19T04:17:09.097852,13.695802,78.105561,"On 18-Aug-2025, a case of theft was reported near Ballari CEN Crime PS. Investigation initiated under 100050018202500001."
376,100060025202600001,202600001,2026-02-04,116,25,1,2,7,23,1,4,2026-02-02T13:17:30.276101,2026-02-04T11:17:30.276101,2026-02-03T02:17:30.276101,13.849014,78.216093,"On 02-Feb-2026, a case of cheating was reported near Dakshina North PS. Investigation initiated under 100060025202600001."
377,100100039202600003,202600003,2026-04-19,118,39,1,1,4,14,7,3,2026-04-17T11:27:31.915497,2026-04-19T10:27:31.915497,2026-04-17T13:27:31.915497,14.497671,78.553597,"On 17-Apr-2026, a case of pocso offences was reported near Hubballi-Dharwad North PS. Investigation initiated under 100100039202600003."
378,100070028202400001,202400001,2024-05-07,13,28,3,1,4,14,5,5,2024-05-06T01:41:49.369833,2024-05-07T03:41:49.369833,2024-05-06T21:41:49.369833,14.042853,78.251338,"On 06-May-2024, a case of pocso offences was reported near Kalaburagi Central PS. Investigation initiated under 100070028202400001."
379,100100039202400002,202400002,2024-07-21,82,39,2,2,5,20,1,10,2024-07-20T15:17:05.074537,2024-07-21T14:17:05.074537,2024-07-21T14:17:05.074537,14.432588,78.569421,"On 20-Jul-2024, a case of identity theft was reported near Hubballi-Dharwad North PS. Investigation initiated under 100100039202400002."
380,100070027202600002,202600002,2026-06-10,100,27,1,2,5,19,1,3,2026-06-07T21:02:13.827874,2026-06-10T12:02:13.827874,2026-06-08T04:02:13.827874,14.046631,78.266157,"On 07-Jun-2026, a case of cyberstalking was reported near Kalaburagi Traffic PS. Investigation initiated under 100070027202600002."
381,100060025202600001,202600001,2026-06-20,112,25,3,2,7,23,2,8,2026-06-18T11:42:52.494554,2026-06-20T09:42:52.494554,2026-06-19T04:42:52.494554,13.876761,78.148652,"On 18-Jun-2026, a case of cheating was reported near Dakshina North PS. Investigation initiated under 100060025202600001."
382,100070028202500001,202500001,2025-08-05,94,28,2,1,1,1,7,5,2025-08-04T18:11:08.598281,2025-08-05T14:11:08.598281,2025-08-05T07:11:08.598281,14.004615,78.316027,"On 04-Aug-2025, a case of murder was reported near Kalaburagi Central PS. Investigation initiated under 100070028202500001."
383,100030011202500002,202500002,2025-05-20,109,11,3,2,8,26,1,8,2025-05-17T16:02:21.434865,2025-05-20T03:02:21.434865,2025-05-18T03:02:21.434865,13.43328,77.942546,"On 17-May-2025, a case of rioting was reported near Mysuru Town PS. Investigation initiated under 100030011202500002."
384,100090035202500002,202500002,2025-03-25,62,35,1,2,7,25,2,2,2025-03-23T20:52:59.972183,2025-03-25T15:52:59.972183,2025-03-24T06:52:59.972183,14.279713,78.460845,"On 23-Mar-2025, a case of forgery was reported near Shivamogga East PS. Investigation initiated under 100090035202500002."
385,100100040202500001,202500001,2025-10-30,95,40,2,2,6,21,2,1,2025-10-28T09:58:07.456639,2025-10-30T10:58:07.456639,2025-10-28T12:58:07.456639,14.431666,78.552831,"On 28-Oct-2025, a case of ndps - possession was reported near Hubballi-Dharwad Rural PS. Investigation initiated under 100100040202500001."
386,100060026202500001,202500001,2025-04-28,79,26,2,2,8,26,1,5,2025-04-26T10:09:16.836067,2025-04-28T00:09:16.836067,2025-04-27T06:09:16.836067,13.905285,78.151768,"On 26-Apr-2025, a case of rioting was reported near Dakshina West PS. Investigation initiated under 100060026202500001."
387,100020006202400003,202400003,2024-11-06,99,6,1,1,2,6,1,6,2024-11-03T22:46:22.591353,2024-11-06T08:46:22.591353,2024-11-04T03:46:22.591353,13.236533,77.751944,"On 03-Nov-2024, a case of robbery was reported near Bengaluru Rural PS. Investigation initiated under 100020006202400003."
388,100070029202600001,202600001,2026-01-16,33,29,1,2,6,22,3,7,2026-01-15T18:52:25.528018,2026-01-16T18:52:25.528018,2026-01-15T19:52:25.528018,14.058517,78.261018,"On 15-Jan-2026, a case of ndps - trafficking was reported near Kalaburagi West PS. Investigation initiated under 100070029202600001."
389,100080033202500005,202500005,2025-09-19,76,33,1,2,3,12,3,10,2025-09-16T18:58:34.254264,2025-09-19T11:58:34.254264,2025-09-17T03:58:34.254264,14.174687,78.433559,"On 16-Sep-2025, a case of domestic violence was reported near Tumakuru West PS. Investigation initiated under 100080033202500005."
390,100070029202500003,202500003,2025-12-24,6,29,1,1,1,2,3,4,2025-12-22T21:23:30.537497,2025-12-24T06:23:30.537497,2025-12-23T10:23:30.537497,13.998137,78.297674,"On 22-Dec-2025, a case of attempt to murder was reported near Kalaburagi West PS. Investigation initiated under 100070029202500003."
391,100060022202400003,202400003,2024-03-23,3,22,1,1,4,14,3,2,2024-03-23T07:58:39.373708,2024-03-23T18:58:39.373708,2024-03-23T18:58:39.373708,13.886284,78.239258,"On 23-Mar-2024, a case of pocso offences was reported near Dakshina East PS. Investigation initiated under 100060022202400003."
392,100010001202600001,202600001,2026-04-22,107,1,4,2,2,7,7,9,2026-04-22T06:35:31.706760,2026-04-22T21:35:31.706760,2026-04-22T21:35:31.706760,13.105353,77.694646,"On 22-Apr-2026, a case of burglary was reported near Bengaluru Rural PS. Investigation initiated under 100010001202600001."
393,100060025202500002,202500002,2025-04-18,62,25,2,2,7,23,5,10,2025-04-16T19:47:50.275181,2025-04-18T23:47:50.275181,2025-04-17T02:47:50.275181,13.838352,78.206708,"On 16-Apr-2025, a case of cheating was reported near Dakshina North PS. Investigation initiated under 100060025202500002."
394,100100041202500004,202500004,2025-09-18,18,41,1,2,5,20,1,5,2025-09-18T00:04:30.181022,2025-09-18T14:04:30.181022,2025-09-18T02:04:30.181022,14.515505,78.611082,"On 18-Sep-2025, a case of identity theft was reported near Hubballi-Dharwad CEN Crime PS. Investigation initiated under 100100041202500004."
395,100090036202600002,202600002,2026-02-20,13,36,2,2,2,9,7,7,2026-02-17T11:03:49.785587,2026-02-20T09:03:49.785587,2026-02-17T21:03:49.785587,14.362232,78.51039,"On 17-Feb-2026, a case of criminal trespass was reported near Shivamogga Town PS. Investigation initiated under 100090036202600002."
396,100050017202400004,202400004,2024-12-27,14,17,1,1,4,14,1,1,2024-12-26T11:44:28.589085,2024-12-27T11:44:28.589085,2024-12-27T08:44:28.589085,13.763416,78.11467,"On 26-Dec-2024, a case of pocso offences was reported near Ballari Central PS. Investigation initiated under 100050017202400004."
397,100020008202500004,202500004,2025-11-28,89,8,1,2,5,20,1,3,2025-11-27T21:18:53.147074,2025-11-28T12:18:53.147074,2025-11-28T10:18:53.147074,13.280674,77.819279,"On 27-Nov-2025, a case of identity theft was reported near Bengaluru Rural PS. Investigation initiated under 100020008202500004."
398,100020007202500004,202500004,2025-04-11,85,7,1,2,8,26,1,9,2025-04-10T17:50:27.261052,2025-04-11T09:50:27.261052,2025-04-11T05:50:27.261052,13.254111,77.785713,"On 10-Apr-2025, a case of rioting was reported near Bengaluru CEN Crime PS. Investigation initiated under 100020007202500004."
399,100100038202500004,202500004,2025-11-24,62,38,1,2,5,18,2,4,2025-11-22T18:37:57.222351,2025-11-24T06:37:57.222351,2025-11-23T10:37:57.222351,14.517951,78.571564,"On 22-Nov-2025, a case of hacking was reported near Hubballi-Dharwad Rural PS. Investigation initiated under 100100038202500004."
400,100010001202400002,202400002,2024-06-10,25,1,1,2,1,3,4,3,2024-06-07T08:18:44.853024,2024-06-10T07:18:44.853024,2024-06-07T22:18:44.853024,13.128395,77.644746,"On 07-Jun-2024, a case of grievous hurt was reported near Bengaluru Rural PS. Investigation initiated under 100010001202400002."
401,100030009202500004,202500004,2025-06-23,71,9,1,1,1,2,2,8,2025-06-20T03:47:44.005344,2025-06-23T00:47:44.005344,2025-06-21T03:47:44.005344,13.37886,77.912696,"On 20-Jun-2025, a case of attempt to murder was reported near Mysuru North PS. Investigation initiated under 100030009202500004."
402,100080032202500001,202500001,2025-06-22,74,32,2,2,4,15,6,5,2025-06-21T23:03:47.628875,2025-06-22T12:03:47.628875,2025-06-22T02:03:47.628875,14.17197,78.367533,"On 21-Jun-2025, a case of child trafficking was reported near Tumakuru Rural PS. Investigation initiated under 100080032202500001."
403,100040014202600001,202600001,2026-06-23,93,14,1,2,5,20,1,4,2026-06-21T05:42:12.963557,2026-06-23T15:42:12.963557,2026-06-21T13:42:12.963557,13.583465,77.947749,"On 21-Jun-2026, a case of identity theft was reported near Belagavi CEN Crime PS. Investigation initiated under 100040014202600001."
404,100030010202600001,202600001,2026-03-03,114,10,1,2,7,23,3,9,2026-03-02T13:21:28.301949,2026-03-03T11:21:28.301949,2026-03-02T22:21:28.301949,13.44297,77.915972,"On 02-Mar-2026, a case of cheating was reported near Mysuru Town PS. Investigation initiated under 100030010202600001."
405,100030009202500001,202500001,2025-09-26,75,9,3,2,4,16,4,3,2025-09-26T02:08:20.864360,2025-09-26T17:08:20.864360,2025-09-26T20:08:20.864360,13.419532,77.935533,"On 26-Sep-2025, a case of child labour was reported near Mysuru North PS. Investigation initiated under 100030009202500001."
406,100090035202600004,202600004,2026-01-10,100,35,1,2,6,22,1,1,2026-01-08T13:10:28.942561,2026-01-10T01:10:28.942561,2026-01-09T00:10:28.942561,14.274596,78.521148,"On 08-Jan-2026, a case of ndps - trafficking was reported near Shivamogga East PS. Investigation initiated under 100090035202600004."
407,100030010202400001,202400001,2024-07-14,21,10,4,2,6,22,3,2,2024-07-11T12:47:07.208420,2024-07-14T05:47:07.208420,2024-07-12T09:47:07.208420,13.400586,77.873814,"On 11-Jul-2024, a case of ndps - trafficking was reported near Mysuru Town PS. Investigation initiated under 100030010202400001."
408,100040016202400003,202400003,2024-03-02,73,16,1,2,6,21,2,2,2024-02-28T13:24:03.125814,2024-03-02T08:24:03.125814,2024-02-28T22:24:03.125814,13.574604,77.985118,"On 28-Feb-2024, a case of ndps - possession was reported near Belagavi Town PS. Investigation initiated under 100040016202400003."
409,100090034202500004,202500004,2025-08-25,68,34,1,2,2,5,1,2,2025-08-25T08:43:35.242271,2025-08-25T15:43:35.242271,2025-08-25T12:43:35.242271,14.358125,78.469882,"On 25-Aug-2025, a case of theft was reported near Shivamogga Cyber Crime PS. Investigation initiated under 100090034202500004."
410,100100042202400003,202400003,2024-05-14,17,42,1,2,5,20,1,6,2024-05-14T14:48:49.899573,2024-05-14T17:48:49.899573,2024-05-14T22:48:49.899573,14.509545,78.620248,"On 14-May-2024, a case of identity theft was reported near Hubballi-Dharwad East PS. Investigation initiated under 100100042202400003."
411,100050018202400001,202400001,2024-01-26,23,18,3,1,1,2,4,5,2024-01-24T06:23:20.231536,2024-01-26T06:23:20.231536,2024-01-24T14:23:20.231536,13.727209,78.094697,"On 24-Jan-2024, a case of attempt to murder was reported near Ballari CEN Crime PS. Investigation initiated under 100050018202400001."
412,100020006202500005,202500005,2025-12-21,113,6,1,2,4,15,1,7,2025-12-19T00:17:36.453569,2025-12-21T04:17:36.453569,2025-12-19T21:17:36.453569,13.253902,77.767172,"On 19-Dec-2025, a case of child trafficking was reported near Bengaluru Rural PS. Investigation initiated under 100020006202500005."
413,100100039202600004,202600004,2026-03-17,18,39,1,2,7,23,6,1,2026-03-16T13:21:20.543859,2026-03-17T17:21:20.543859,2026-03-17T02:21:20.543859,14.45839,78.623808,"On 16-Mar-2026, a case of cheating was reported near Hubballi-Dharwad North PS. Investigation initiated under 100100039202600004."
414,100080033202600002,202600002,2026-06-03,5,33,1,2,4,15,1,5,2026-06-01T17:41:06.148959,2026-06-03T13:41:06.148959,2026-06-02T07:41:06.148959,14.129274,78.370115,"On 01-Jun-2026, a case of child trafficking was reported near Tumakuru West PS. Investigation initiated under 100080033202600002."
415,100010002202500003,202500003,2025-09-21,33,2,1,2,8,26,1,6,2025-09-20T17:39:27.292392,2025-09-21T21:39:27.292392,2025-09-20T21:39:27.292392,13.166879,77.721359,"On 20-Sep-2025, a case of rioting was reported near Bengaluru Town PS. Investigation initiated under 100010002202500003."
416,100090036202400003,202400003,2024-09-28,7,36,1,2,3,13,1,2,2024-09-26T23:59:32.952951,2024-09-28T05:59:32.952951,2024-09-27T20:59:32.952951,14.30903,78.516986,"On 26-Sep-2024, a case of stalking was reported near Shivamogga Town PS. Investigation initiated under 100090036202400003."
417,100100038202500005,202500005,2025-11-25,40,38,1,1,4,14,1,10,2025-11-25T08:07:06.763603,2025-11-25T22:07:06.763603,2025-11-25T18:07:06.763603,14.423727,78.594644,"On 25-Nov-2025, a case of pocso offences was reported near Hubballi-Dharwad Rural PS. Investigation initiated under 100100038202500005."
418,100010002202400002,202400002,2024-04-11,85,2,1,2,3,11,1,10,2024-04-09T19:48:27.483631,2024-04-11T01:48:27.483631,2024-04-10T12:48:27.483631,13.132273,77.677178,"On 09-Apr-2024, a case of molestation was reported near Bengaluru Town PS. Investigation initiated under 100010002202400002."
419,100060023202400004,202400004,2024-06-07,53,23,1,2,3,13,3,2,2024-06-06T17:06:32.093663,2024-06-07T05:06:32.093663,2024-06-07T11:06:32.093663,13.859843,78.18243,"On 06-Jun-2024, a case of stalking was reported near Dakshina Town PS. Investigation initiated under 100060023202400004."
420,100080033202400003,202400003,2024-06-29,65,33,1,2,7,24,1,4,2024-06-29T11:39:02.318681,2024-06-29T19:39:02.318681,2024-06-29T15:39:02.318681,14.204971,78.420925,"On 29-Jun-2024, a case of criminal breach of trust was reported near Tumakuru West PS. Investigation initiated under 100080033202400003."
421,100050021202600003,202600003,2026-05-13,83,21,1,2,7,23,6,7,2026-05-11T02:15:57.286830,2026-05-13T21:15:57.286830,2026-05-11T09:15:57.286830,13.758784,78.139542,"On 11-May-2026, a case of cheating was reported near Ballari South PS. Investigation initiated under 100050021202600003."
422,100030011202600002,202600002,2026-06-26,25,11,1,2,2,7,1,4,2026-06-23T19:06:02.394055,2026-06-26T15:06:02.394055,2026-06-24T17:06:02.394055,13.424954,77.851316,"On 23-Jun-2026, a case of burglary was reported near Mysuru Town PS. Investigation initiated under 100030011202600002."
423,100060025202400003,202400003,2024-01-10,45,25,1,2,7,23,5,7,2024-01-08T16:53:22.065509,2024-01-10T09:53:22.065509,2024-01-08T21:53:22.065509,13.868373,78.199211,"On 08-Jan-2024, a case of cheating was reported near Dakshina North PS. Investigation initiated under 100060025202400003."
424,100020007202600001,202600001,2026-06-28,10,7,1,1,2,6,7,1,2026-06-25T08:37:58.048405,2026-06-28T00:37:58.048405,2026-06-26T06:37:58.048405,13.272939,77.836117,"On 25-Jun-2026, a case of robbery was reported near Bengaluru CEN Crime PS. Investigation initiated under 100020007202600001."
425,100100038202600002,202600002,2026-06-11,111,38,1,2,7,24,3,8,2026-06-10T17:46:16.982801,2026-06-11T09:46:16.982801,2026-06-11T08:46:16.982801,14.469432,78.550709,"On 10-Jun-2026, a case of criminal breach of trust was reported near Hubballi-Dharwad Rural PS. Investigation initiated under 100100038202600002."
426,100060024202500002,202500002,2025-02-01,67,24,1,2,6,22,7,3,2025-01-31T00:15:04.564980,2025-02-01T10:15:04.564980,2025-01-31T13:15:04.564980,13.878543,78.217849,"On 31-Jan-2025, a case of ndps - trafficking was reported near Dakshina Traffic PS. Investigation initiated under 100060024202500002."
427,100050020202400002,202400002,2024-11-21,59,20,3,2,6,21,3,1,2024-11-19T14:30:44.295804,2024-11-21T03:30:44.295804,2024-11-20T02:30:44.295804,13.716786,78.099169,"On 19-Nov-2024, a case of ndps - possession was reported near Ballari Central PS. Investigation initiated under 100050020202400002."
428,100100040202600001,202600001,2026-03-02,64,40,1,2,7,25,2,1,2026-03-01T22:34:22.884237,2026-03-02T18:34:22.884237,2026-03-02T03:34:22.884237,14.453612,78.60228,"On 01-Mar-2026, a case of forgery was reported near Hubballi-Dharwad Rural PS. Investigation initiated under 100100040202600001."
429,100100040202400007,202400007,2024-01-27,51,40,1,2,4,16,7,4,2024-01-24T11:00:18.374159,2024-01-27T08:00:18.374159,2024-01-25T11:00:18.374159,14.479205,78.571525,"On 24-Jan-2024, a case of child labour was reported near Hubballi-Dharwad Rural PS. Investigation initiated under 100100040202400007."
430,100080033202400004,202400004,2024-12-29,109,33,1,2,7,24,2,9,2024-12-27T03:12:53.213080,2024-12-29T18:12:53.213080,2024-12-27T20:12:53.213080,14.147885,78.383228,"On 27-Dec-2024, a case of criminal breach of trust was reported near Tumakuru West PS. Investigation initiated under 100080033202400004."
431,100100039202400003,202400003,2024-09-16,12,39,1,1,1,2,2,6,2024-09-15T01:40:36.258313,2024-09-16T20:40:36.258313,2024-09-15T20:40:36.258313,14.445202,78.623945,"On 15-Sep-2024, a case of attempt to murder was reported near Hubballi-Dharwad North PS. Investigation initiated under 100100039202400003."
432,100010003202600001,202600001,2026-04-04,5,3,1,2,5,18,3,6,2026-04-03T14:56:08.673003,2026-04-04T04:56:08.673003,2026-04-04T00:56:08.673003,13.166639,77.723845,"On 03-Apr-2026, a case of hacking was reported near Bengaluru East PS. Investigation initiated under 100010003202600001."
433,100030011202400003,202400003,2024-03-23,55,11,1,2,6,22,7,6,2024-03-21T18:47:12.424255,2024-03-23T06:47:12.424255,2024-03-22T12:47:12.424255,13.434817,77.917889,"On 21-Mar-2024, a case of ndps - trafficking was reported near Mysuru Town PS. Investigation initiated under 100030011202400003."
434,100040015202400003,202400003,2024-02-06,1,15,1,1,4,14,3,6,2024-02-06T06:06:32.060102,2024-02-06T21:06:32.060102,2024-02-06T17:06:32.060102,13.608449,77.951524,"On 06-Feb-2024, a case of pocso offences was reported near Belagavi Cyber Crime PS. Investigation initiated under 100040015202400003."
435,100010005202400003,202400003,2024-04-08,113,5,1,2,3,10,4,1,2024-04-07T02:51:10.686681,2024-04-08T03:51:10.686681,2024-04-07T05:51:10.686681,13.08423,77.705258,"On 07-Apr-2024, a case of dowry harassment was reported near Bengaluru Central PS. Investigation initiated under 100010005202400003."
436,100050018202500003,202500003,2025-11-21,105,18,1,2,7,23,6,8,2025-11-21T11:58:12.507755,2025-11-21T16:58:12.507755,2025-11-21T22:58:12.507755,13.685845,78.053623,"On 21-Nov-2025, a case of cheating was reported near Ballari CEN Crime PS. Investigation initiated under 100050018202500003."
437,100030012202500001,202500001,2025-01-30,28,12,4,2,1,3,1,7,2025-01-29T18:59:26.788255,2025-01-30T14:59:26.788255,2025-01-30T13:59:26.788255,13.467119,77.935564,"On 29-Jan-2025, a case of grievous hurt was reported near Mysuru Rural PS. Investigation initiated under 100030012202500001."
438,100080032202400005,202400005,2024-06-23,74,32,1,2,7,24,1,8,2024-06-22T21:16:33.593686,2024-06-23T00:16:33.593686,2024-06-23T16:16:33.593686,14.154862,78.431143,"On 22-Jun-2024, a case of criminal breach of trust was reported near Tumakuru Rural PS. Investigation initiated under 100080032202400005."
439,100020007202500005,202500005,2025-01-19,6,7,1,2,6,22,4,5,2025-01-19T11:05:32.888251,2025-01-19T18:05:32.888251,2025-01-20T05:05:32.888251,13.240444,77.748366,"On 19-Jan-2025, a case of ndps - trafficking was reported near Bengaluru CEN Crime PS. Investigation initiated under 100020007202500005."
440,100030011202600001,202600001,2026-02-12,66,11,2,2,6,21,1,4,2026-02-11T20:30:45.795016,2026-02-12T22:30:45.795016,2026-02-12T12:30:45.795016,13.399318,77.931386,"On 11-Feb-2026, a case of ndps - possession was reported near Mysuru Town PS. Investigation initiated under 100030011202600001."
441,100030012202500005,202500005,2025-05-19,57,12,1,2,1,4,1,4,2025-05-17T17:39:37.571389,2025-05-19T13:39:37.571389,2025-05-18T15:39:37.571389,13.445858,77.897516,"On 17-May-2025, a case of assault was reported near Mysuru Rural PS. Investigation initiated under 100030012202500005."
442,100100041202400004,202400004,2024-07-30,17,41,1,2,6,21,2,1,2024-07-28T22:16:22.585622,2024-07-30T16:16:22.585622,2024-07-29T03:16:22.585622,14.436613,78.573271,"On 28-Jul-2024, a case of ndps - possession was reported near Hubballi-Dharwad CEN Crime PS. Investigation initiated under 100100041202400004."
443,100030011202500005,202500005,2025-09-21,56,11,1,2,8,27,1,7,2025-09-21T13:59:16.621591,2025-09-21T21:59:16.621591,2025-09-22T04:59:16.621591,13.443484,77.940999,"On 21-Sep-2025, a case of unlawful assembly was reported near Mysuru Town PS. Investigation initiated under 100030011202500005."
444,100090037202400001,202400001,2024-07-10,87,37,3,2,8,27,2,6,2024-07-08T08:04:05.593247,2024-07-10T00:04:05.593247,2024-07-09T04:04:05.593247,14.278088,78.488881,"On 08-Jul-2024, a case of unlawful assembly was reported near Shivamogga South PS. Investigation initiated under 100090037202400001."
445,100010004202400003,202400003,2024-06-08,30,4,1,2,4,16,1,6,2024-06-05T22:09:26.755758,2024-06-08T08:09:26.755758,2024-06-06T02:09:26.755758,13.09625,77.690795,"On 05-Jun-2024, a case of child labour was reported near Bengaluru Central PS. Investigation initiated under 100010004202400003."
446,100090036202400004,202400004,2024-08-23,118,36,1,2,4,16,5,8,2024-08-22T01:12:39.680270,2024-08-23T03:12:39.680270,2024-08-22T21:12:39.680270,14.311858,78.526859,"On 22-Aug-2024, a case of child labour was reported near Shivamogga Town PS. Investigation initiated under 100090036202400004."
447,100050017202500004,202500004,2025-10-26,91,17,1,2,2,9,4,2,2025-10-24T19:06:32.393714,2025-10-26T06:06:32.393714,2025-10-25T14:06:32.393714,13.671903,78.069529,"On 24-Oct-2025, a case of criminal trespass was reported near Ballari Central PS. Investigation initiated under 100050017202500004."
448,100030010202600002,202600002,2026-02-12,42,10,1,2,5,17,2,7,2026-02-11T11:02:57.722820,2026-02-12T22:02:57.722820,2026-02-11T19:02:57.722820,13.39493,77.86202,"On 11-Feb-2026, a case of online financial fraud was reported near Mysuru Town PS. Investigation initiated under 100030010202600002."
449,100090035202500001,202500001,2025-12-25,75,35,3,1,2,6,2,8,2025-12-22T22:21:56.150629,2025-12-25T16:21:56.150629,2025-12-23T18:21:56.150629,14.322046,78.543905,"On 22-Dec-2025, a case of robbery was reported near Shivamogga East PS. Investigation initiated under 100090035202500001."
450,100010002202600003,202600003,2026-03-18,108,2,1,2,1,4,2,4,2026-03-16T07:00:54.105705,2026-03-18T20:00:54.105705,2026-03-17T05:00:54.105705,13.08097,77.728859,"On 16-Mar-2026, a case of assault was reported near Bengaluru Town PS. Investigation initiated under 100010002202600003."
