CaseMasterID,CrimeNo,CaseNo,CrimeRegisteredDate,PolicePersonID,PoliceStationID,CaseCategoryID,GravityOffenceID,CrimeMajorHeadID,CrimeMinorHeadID,CaseStatusID,CourtID,IncidentFromDate,IncidentToDate,InfoReceivedPSDate,latitude,longitude,BriefFacts
1,100060022202500001,202500001,2025-08-24,110,22,1,2,7,24,7,7,2025-08-23 21:48:22,2025-08-24 22:48:22,2025-08-24 20:48:22,13.845481,78.182897,"On 23-Aug-2025, a case of criminal breach of trust was reported near Dakshina East PS. Investigation initiated under 100060022202500001."
2,100060022202500001,202500001,2025-02-01,81,22,3,2,7,24,3,5,2025-01-30 08:47:21,2025-02-01 23:47:21,2025-01-31 02:47:21,13.82519,78.151442,"On 30-Jan-2025, a case of criminal breach of trust was reported near Dakshina East PS. Investigation initiated under 100060022202500001."
3,100070030202400001,202400001,2024-03-04,89,30,3,2,3,10,2,5,2024-03-02 22:35:12,2024-03-04 19:35:12,2024-03-03 17:35:12,14.001515,78.340803,"On 02-Mar-2024, a case of dowry harassment was reported near Kalaburagi Rural PS. Investigation initiated under 100070030202400001."
4,100030009202500001,202500001,2025-02-06,117,9,1,2,1,3,4,5,2025-02-06 16:48:44,2025-02-06 21:48:44,2025-02-07 11:48:44,13.408086,77.857741,"On 06-Feb-2025, a case of grievous hurt was reported near Mysuru North PS. Investigation initiated under 100030009202500001."
5,100060024202400001,202400001,2024-08-11,34,24,1,2,7,23,1,10,2024-08-10 15:06:48,2024-08-11 07:06:48,2024-08-11 06:06:48,13.858459,78.219501,"On 10-Aug-2024, a case of cheating was reported near Dakshina Traffic PS. Investigation initiated under 100060024202400001."
6,100050018202500001,202500001,2025-12-10,70,18,1,2,6,21,2,6,2025-12-09 15:03:57,2025-12-10 22:03:57,2025-12-10 03:03:57,13.681535,78.113168,"On 09-Dec-2025, a case of ndps - possession was reported near Ballari CEN Crime PS. Investigation initiated under 100050018202500001."
7,100030010202500001,202500001,2025-11-16,31,10,4,2,5,18,1,10,2025-11-16 10:53:25,2025-11-16 14:53:25,2025-11-16 15:53:25,13.373086,77.923598,"On 16-Nov-2025, a case of hacking was reported near Mysuru Town PS. Investigation initiated under 100030010202500001."
8,100090034202400001,202400001,2024-07-29,117,34,1,1,1,1,7,8,2024-07-27 17:51:04,2024-07-29 21:51:04,2024-07-28 07:51:04,14.34021,78.493627,"On 27-Jul-2024, a case of murder was reported near Shivamogga Cyber Crime PS. Investigation initiated under 100090034202400001."
9,100020006202400001,202400001,2024-09-05,46,6,1,2,6,21,2,7,2024-09-02 22:00:29,2024-09-05 22:00:29,2024-09-03 16:00:29,13.254565,77.756823,"On 02-Sep-2024, a case of ndps - possession was reported near Bengaluru Rural PS. Investigation initiated under 100020006202400001."
10,100100040202400001,202400001,2024-01-25,45,40,1,2,1,3,1,1,2024-01-24 03:14:30,2024-01-25 14:14:30,2024-01-25 02:14:30,14.497841,78.636754,"On 24-Jan-2024, a case of grievous hurt was reported near Hubballi-Dharwad Rural PS. Investigation initiated under 100100040202400001."
11,100100038202400001,202400001,2024-08-18,99,38,1,2,5,17,1,3,2024-08-17 17:43:09,2024-08-18 01:43:09,2024-08-17 18:43:09,14.442042,78.639132,"On 17-Aug-2024, a case of online financial fraud was reported near Hubballi-Dharwad Rural PS. Investigation initiated under 100100038202400001."
12,100020008202500001,202500001,2025-07-20,109,8,1,2,6,21,5,2,2025-07-18 04:47:41,2025-07-20 15:47:41,2025-07-19 03:47:41,13.313577,77.753413,"On 18-Jul-2025, a case of ndps - possession was reported near Bengaluru Rural PS. Investigation initiated under 100020008202500001."
13,100030013202500001,202500001,2025-07-06,58,13,1,2,3,10,1,10,2025-07-03 21:46:45,2025-07-06 13:46:45,2025-07-04 12:46:45,13.447045,77.920588,"On 03-Jul-2025, a case of dowry harassment was reported near Mysuru Central PS. Investigation initiated under 100030013202500001."
14,100070029202500001,202500001,2025-09-27,57,29,1,2,6,21,2,9,2025-09-26 21:09:37,2025-09-27 20:09:37,2025-09-26 23:09:37,13.996374,78.288376,"On 26-Sep-2025, a case of ndps - possession was reported near Kalaburagi West PS. Investigation initiated under 100070029202500001."
15,100090034202600001,202600001,2026-01-23,99,34,1,2,7,25,2,8,2026-01-21 02:40:44,2026-01-23 01:40:44,2026-01-21 12:40:44,14.289626,78.466019,"On 21-Jan-2026, a case of forgery was reported near Shivamogga Cyber Crime PS. Investigation initiated under 100090034202600001."
16,100070029202400001,202400001,2024-11-06,57,29,1,2,4,15,7,8,2024-11-03 20:20:11,2024-11-06 09:20:11,2024-11-04 03:20:11,14.008384,78.339313,"On 03-Nov-2024, a case of child trafficking was reported near Kalaburagi West PS. Investigation initiated under 100070029202400001."
17,100070028202500001,202500001,2025-09-21,31,28,1,2,4,15,6,7,2025-09-21 16:03:25,2025-09-21 20:03:25,2025-09-22 06:03:25,13.976926,78.294801,"On 21-Sep-2025, a case of child trafficking was reported near Kalaburagi Central PS. Investigation initiated under 100070028202500001."
18,100020008202400001,202400001,2024-11-16,9,8,2,2,4,15,1,2,2024-11-15 13:25:43,2024-11-16 20:25:43,2024-11-16 03:25:43,13.285495,77.806881,"On 15-Nov-2024, a case of child trafficking was reported near Bengaluru Rural PS. Investigation initiated under 100020008202400001."
19,100100041202500001,202500001,2025-10-19,100,41,1,2,6,21,1,8,2025-10-16 21:28:17,2025-10-19 19:28:17,2025-10-17 08:28:17,14.502951,78.562109,"On 16-Oct-2025, a case of ndps - possession was reported near Hubballi-Dharwad CEN Crime PS. Investigation initiated under 100100041202500001."
20,100070029202400001,202400001,2024-06-12,67,29,3,2,7,24,7,5,2024-06-09 23:36:59,2024-06-12 15:36:59,2024-06-10 22:36:59,14.021352,78.337031,"On 09-Jun-2024, a case of criminal breach of trust was reported near Kalaburagi West PS. Investigation initiated under 100070029202400001."
21,100010004202600001,202600001,2026-05-08,101,4,1,2,7,24,2,8,2026-05-07 09:00:00,2026-05-08 06:00:00,2026-05-07 10:00:00,13.085878,77.705357,"On 07-May-2026, a case of criminal breach of trust was reported near Bengaluru Central PS. Investigation initiated under 100010004202600001."
22,100100040202400002,202400002,2024-04-18,12,40,1,2,8,26,1,6,2024-04-17 14:40:04,2024-04-18 00:40:04,2024-04-18 05:40:04,14.438866,78.615937,"On 17-Apr-2024, a case of rioting was reported near Hubballi-Dharwad Rural PS. Investigation initiated under 100100040202400002."
23,100080031202400001,202400001,2024-05-23,67,31,1,2,7,25,1,6,2024-05-21 12:39:56,2024-05-23 05:39:56,2024-05-22 09:39:56,14.129017,78.391183,"On 21-May-2024, a case of forgery was reported near Tumakuru North PS. Investigation initiated under 100080031202400001."
24,100100038202500001,202500001,2025-09-20,74,38,1,2,6,21,5,5,2025-09-20 12:57:19,2025-09-20 16:57:19,2025-09-20 15:57:19,14.426146,78.608745,"On 20-Sep-2025, a case of ndps - possession was reported near Hubballi-Dharwad Rural PS. Investigation initiated under 100100038202500001."
25,100050018202400001,202400001,2024-02-24,116,18,1,2,3,10,1,3,2024-02-22 07:21:26,2024-02-24 09:21:26,2024-02-23 03:21:26,13.713413,78.140869,"On 22-Feb-2024, a case of dowry harassment was reported near Ballari CEN Crime PS. Investigation initiated under 100050018202400001."
26,100060026202500001,202500001,2025-06-09,36,26,1,2,4,15,2,10,2025-06-09 02:53:38,2025-06-09 12:53:38,2025-06-09 15:53:38,13.872026,78.22104,"On 09-Jun-2025, a case of child trafficking was reported near Dakshina West PS. Investigation initiated under 100060026202500001."
27,100100041202600001,202600001,2026-06-28,68,41,1,2,8,27,7,10,2026-06-26 23:08:33,2026-06-28 05:08:33,2026-06-27 23:08:33,14.426736,78.592645,"On 26-Jun-2026, a case of unlawful assembly was reported near Hubballi-Dharwad CEN Crime PS. Investigation initiated under 100100041202600001."
28,100050021202600001,202600001,2026-01-11,36,21,4,2,8,27,2,9,2026-01-10 13:20:00,2026-01-11 23:20:00,2026-01-11 09:20:00,13.720018,78.140334,"On 10-Jan-2026, a case of unlawful assembly was reported near Ballari South PS. Investigation initiated under 100050021202600001."
29,100050019202400001,202400001,2024-02-19,69,19,4,2,2,7,7,5,2024-02-18 01:25:08,2024-02-19 10:25:08,2024-02-19 01:25:08,13.719508,78.064807,"On 18-Feb-2024, a case of burglary was reported near Ballari North PS. Investigation initiated under 100050019202400001."
30,100030012202500001,202500001,2025-05-17,112,12,1,2,3,10,7,5,2025-05-15 05:45:51,2025-05-17 08:45:51,2025-05-15 21:45:51,13.390231,77.9195,"On 15-May-2025, a case of dowry harassment was reported near Mysuru Rural PS. Investigation initiated under 100030012202500001."
31,100070028202600001,202600001,2026-06-12,1,28,1,1,2,8,3,5,2026-06-11 23:35:40,2026-06-12 23:35:40,2026-06-12 04:35:40,14.019345,78.338183,"On 11-Jun-2026, a case of dacoity was reported near Kalaburagi Central PS. Investigation initiated under 100070028202600001."
32,100020008202400001,202400001,2024-08-31,78,8,1,2,5,19,3,6,2024-08-30 10:52:30,2024-08-31 15:52:30,2024-08-30 15:52:30,13.269418,77.790098,"On 30-Aug-2024, a case of cyberstalking was reported near Bengaluru Rural PS. Investigation initiated under 100020008202400001."
33,100090036202600001,202600001,2026-03-04,55,36,1,2,5,17,2,6,2026-03-04 00:50:29,2026-03-04 01:50:29,2026-03-05 00:50:29,14.29339,78.451903,"On 04-Mar-2026, a case of online financial fraud was reported near Shivamogga Town PS. Investigation initiated under 100090036202600001."
34,100060025202500001,202500001,2025-01-08,15,25,2,2,4,15,1,1,2025-01-07 09:36:43,2025-01-08 21:36:43,2025-01-07 16:36:43,13.915341,78.217102,"On 07-Jan-2025, a case of child trafficking was reported near Dakshina North PS. Investigation initiated under 100060025202500001."
35,100010004202500001,202500001,2025-02-08,97,4,4,2,7,25,1,9,2025-02-06 09:14:10,2025-02-08 15:14:10,2025-02-06 23:14:10,13.086522,77.682246,"On 06-Feb-2025, a case of forgery was reported near Bengaluru Central PS. Investigation initiated under 100010004202500001."
36,100010001202500001,202500001,2025-07-19,51,1,1,2,4,16,1,4,2025-07-16 14:13:13,2025-07-19 04:13:13,2025-07-16 22:13:13,13.141163,77.714977,"On 16-Jul-2025, a case of child labour was reported near Bengaluru Rural PS. Investigation initiated under 100010001202500001."
37,100040016202500001,202500001,2025-02-20,22,16,1,2,6,22,4,6,2025-02-18 00:13:20,2025-02-20 15:13:20,2025-02-19 00:13:20,13.585769,77.99366,"On 18-Feb-2025, a case of ndps - trafficking was reported near Belagavi Town PS. Investigation initiated under 100040016202500001."
38,100050019202400001,202400001,2024-09-07,68,19,1,2,7,23,1,5,2024-09-06 18:49:35,2024-09-07 07:49:35,2024-09-07 11:49:35,13.68649,78.063793,"On 06-Sep-2024, a case of cheating was reported near Ballari North PS. Investigation initiated under 100050019202400001."
39,100090037202600001,202600001,2026-03-10,119,37,1,1,1,1,3,6,2026-03-08 19:58:10,2026-03-10 07:58:10,2026-03-09 13:58:10,14.327951,78.44789,"On 08-Mar-2026, a case of murder was reported near Shivamogga South PS. Investigation initiated under 100090037202600001."
40,100100041202400001,202400001,2024-08-29,85,41,1,2,8,27,1,7,2024-08-26 05:28:09,2024-08-29 04:28:09,2024-08-26 18:28:09,14.464785,78.612569,"On 26-Aug-2024, a case of unlawful assembly was reported near Hubballi-Dharwad CEN Crime PS. Investigation initiated under 100100041202400001."
41,100080033202500001,202500001,2025-08-13,50,33,1,1,1,1,2,1,2025-08-13 03:48:55,2025-08-13 15:48:55,2025-08-13 23:48:55,14.181404,78.377043,"On 13-Aug-2025, a case of murder was reported near Tumakuru West PS. Investigation initiated under 100080033202500001."
42,100100040202400003,202400003,2024-12-04,26,40,1,2,6,22,1,8,2024-12-03 14:42:00,2024-12-04 08:42:00,2024-12-04 00:42:00,14.453667,78.639328,"On 03-Dec-2024, a case of ndps - trafficking was reported near Hubballi-Dharwad Rural PS. Investigation initiated under 100100040202400003."
43,100070030202600001,202600001,2026-05-16,39,30,3,2,4,15,4,4,2026-05-16 12:45:05,2026-05-16 21:45:05,2026-05-17 02:45:05,14.038898,78.258518,"On 16-May-2026, a case of child trafficking was reported near Kalaburagi Rural PS. Investigation initiated under 100070030202600001."
44,100060026202500001,202500001,2025-12-20,72,26,4,2,6,22,1,10,2025-12-19 16:50:04,2025-12-20 05:50:04,2025-12-20 01:50:04,13.8438,78.219285,"On 19-Dec-2025, a case of ndps - trafficking was reported near Dakshina West PS. Investigation initiated under 100060026202500001."
45,100040016202400001,202400001,2024-01-14,24,16,1,2,3,12,2,7,2024-01-12 01:15:46,2024-01-14 13:15:46,2024-01-12 09:15:46,13.601376,78.007576,"On 12-Jan-2024, a case of domestic violence was reported near Belagavi Town PS. Investigation initiated under 100040016202400001."
46,100080032202400001,202400001,2024-04-13,23,32,1,2,6,22,3,5,2024-04-13 00:33:21,2024-04-13 15:33:21,2024-04-13 12:33:21,14.156798,78.390386,"On 13-Apr-2024, a case of ndps - trafficking was reported near Tumakuru Rural PS. Investigation initiated under 100080032202400001."
47,100060023202500001,202500001,2025-08-09,88,23,4,2,8,26,1,8,2025-08-07 15:26:27,2025-08-09 17:26:27,2025-08-08 09:26:27,13.872144,78.194097,"On 07-Aug-2025, a case of rioting was reported near Dakshina Town PS. Investigation initiated under 100060023202500001."
48,100100042202500001,202500001,2025-07-23,100,42,2,2,5,17,2,4,2025-07-21 12:03:40,2025-07-23 09:03:40,2025-07-21 15:03:40,14.465507,78.643996,"On 21-Jul-2025, a case of online financial fraud was reported near Hubballi-Dharwad East PS. Investigation initiated under 100100042202500001."
49,100050021202400001,202400001,2024-10-12,82,21,2,2,7,24,1,2,2024-10-10 13:30:57,2024-10-12 00:30:57,2024-10-11 10:30:57,13.713023,78.089799,"On 10-Oct-2024, a case of criminal breach of trust was reported near Ballari South PS. Investigation initiated under 100050021202400001."
50,100030009202400001,202400001,2024-07-13,48,9,3,2,5,18,6,3,2024-07-11 12:25:37,2024-07-13 00:25:37,2024-07-11 15:25:37,13.437059,77.869639,"On 11-Jul-2024, a case of hacking was reported near Mysuru North PS. Investigation initiated under 100030009202400001."
51,100020007202400001,202400001,2024-06-14,68,7,1,2,6,22,1,10,2024-06-13 16:36:17,2024-06-14 10:36:17,2024-06-14 13:36:17,13.320894,77.758885,"On 13-Jun-2024, a case of ndps - trafficking was reported near Bengaluru CEN Crime PS. Investigation initiated under 100020007202400001."
52,100050020202500001,202500001,2025-03-18,64,20,1,2,4,16,2,10,2025-03-18 15:09:48,2025-03-18 22:09:48,2025-03-18 23:09:48,13.721089,78.055874,"On 18-Mar-2025, a case of child labour was reported near Ballari Central PS. Investigation initiated under 100050020202500001."
53,100100041202500002,202500002,2025-08-31,36,41,1,2,7,24,4,2,2025-08-30 23:11:50,2025-08-31 10:11:50,2025-08-31 20:11:50,14.475256,78.606205,"On 30-Aug-2025, a case of criminal breach of trust was reported near Hubballi-Dharwad CEN Crime PS. Investigation initiated under 100100041202500002."
54,100050017202400001,202400001,2024-04-19,68,17,1,2,3,12,4,2,2024-04-18 18:13:02,2024-04-19 10:13:02,2024-04-18 19:13:02,13.705101,78.087532,"On 18-Apr-2024, a case of domestic violence was reported near Ballari Central PS. Investigation initiated under 100050017202400001."
55,100080031202500001,202500001,2025-02-01,84,31,1,2,3,11,7,7,2025-02-01 14:58:28,2025-02-01 19:58:28,2025-02-02 08:58:28,14.201912,78.416002,"On 01-Feb-2025, a case of molestation was reported near Tumakuru North PS. Investigation initiated under 100080031202500001."
56,100090037202500001,202500001,2025-02-01,102,37,2,2,4,15,2,4,2025-01-29 16:05:16,2025-02-01 08:05:16,2025-01-29 23:05:16,14.344846,78.499256,"On 29-Jan-2025, a case of child trafficking was reported near Shivamogga South PS. Investigation initiated under 100090037202500001."
57,100100041202600001,202600001,2026-04-06,34,41,2,2,2,9,2,6,2026-04-03 20:50:12,2026-04-06 04:50:12,2026-04-04 18:50:12,14.518022,78.568277,"On 03-Apr-2026, a case of criminal trespass was reported near Hubballi-Dharwad CEN Crime PS. Investigation initiated under 100100041202600001."
58,100020008202400002,202400002,2024-08-21,46,8,1,2,5,17,1,7,2024-08-19 16:37:56,2024-08-21 10:37:56,2024-08-19 21:37:56,13.230721,77.769422,"On 19-Aug-2024, a case of online financial fraud was reported near Bengaluru Rural PS. Investigation initiated under 100020008202400002."
59,100020006202500001,202500001,2025-03-03,17,6,1,2,5,17,1,2,2025-03-03 06:44:40,2025-03-03 15:44:40,2025-03-03 13:44:40,13.31185,77.788943,"On 03-Mar-2025, a case of online financial fraud was reported near Bengaluru Rural PS. Investigation initiated under 100020006202500001."
60,100030013202500002,202500002,2025-07-05,46,13,1,2,4,16,7,8,2025-07-02 20:22:03,2025-07-05 18:22:03,2025-07-02 21:22:03,13.47054,77.922792,"On 02-Jul-2025, a case of child labour was reported near Mysuru Central PS. Investigation initiated under 100030013202500002."
61,100100038202400002,202400002,2024-03-01,25,38,1,2,6,21,4,8,2024-02-28 04:40:43,2024-03-01 02:40:43,2024-02-28 23:40:43,14.477961,78.600911,"On 28-Feb-2024, a case of ndps - possession was reported near Hubballi-Dharwad Rural PS. Investigation initiated under 100100038202400002."
62,100050021202400001,202400001,2024-10-09,85,21,1,2,3,11,4,7,2024-10-07 02:21:08,2024-10-09 22:21:08,2024-10-07 14:21:08,13.767656,78.081959,"On 07-Oct-2024, a case of molestation was reported near Ballari South PS. Investigation initiated under 100050021202400001."
63,100010003202400001,202400001,2024-07-25,31,3,1,2,6,21,3,6,2024-07-25 00:34:27,2024-07-25 14:34:27,2024-07-25 16:34:27,13.085664,77.719134,"On 25-Jul-2024, a case of ndps - possession was reported near Bengaluru East PS. Investigation initiated under 100010003202400001."
64,100080032202500001,202500001,2025-06-28,21,32,3,2,6,22,1,8,2025-06-26 02:31:48,2025-06-28 16:31:48,2025-06-26 21:31:48,14.186697,78.413316,"On 26-Jun-2025, a case of ndps - trafficking was reported near Tumakuru Rural PS. Investigation initiated under 100080032202500001."
65,100060026202500002,202500002,2025-01-09,81,26,1,2,8,26,1,10,2025-01-09 15:52:23,2025-01-09 16:52:23,2025-01-10 05:52:23,13.830363,78.22699,"On 09-Jan-2025, a case of rioting was reported near Dakshina West PS. Investigation initiated under 100060026202500002."
66,100020006202500002,202500002,2025-04-03,69,6,1,2,7,25,1,8,2025-04-03 07:37:17,2025-04-03 15:37:17,2025-04-03 20:37:17,13.303441,77.786463,"On 03-Apr-2025, a case of forgery was reported near Bengaluru Rural PS. Investigation initiated under 100020006202500002."
67,100050021202500001,202500001,2025-11-26,59,21,3,2,2,5,2,1,2025-11-24 20:06:04,2025-11-26 23:06:04,2025-11-25 14:06:04,13.704213,78.07222,"On 24-Nov-2025, a case of theft was reported near Ballari South PS. Investigation initiated under 100050021202500001."
68,100060022202400001,202400001,2024-08-03,40,22,1,2,1,4,7,5,2024-08-01 00:42:37,2024-08-03 00:42:37,2024-08-01 01:42:37,13.855387,78.223965,"On 01-Aug-2024, a case of assault was reported near Dakshina East PS. Investigation initiated under 100060022202400001."
69,100060024202400001,202400001,2024-08-04,23,24,2,2,7,25,7,8,2024-08-04 13:28:09,2024-08-04 17:28:09,2024-08-04 21:28:09,13.858847,78.204004,"On 04-Aug-2024, a case of forgery was reported near Dakshina Traffic PS. Investigation initiated under 100060024202400001."
70,100010001202500002,202500002,2025-10-17,39,1,1,2,5,19,2,9,2025-10-15 06:29:53,2025-10-17 07:29:53,2025-10-15 18:29:53,13.1175,77.666421,"On 15-Oct-2025, a case of cyberstalking was reported near Bengaluru Rural PS. Investigation initiated under 100010001202500002."
71,100030009202400001,202400001,2024-08-19,91,9,1,2,8,27,1,10,2024-08-17 01:53:48,2024-08-19 07:53:48,2024-08-17 14:53:48,13.410427,77.848132,"On 17-Aug-2024, a case of unlawful assembly was reported near Mysuru North PS. Investigation initiated under 100030009202400001."
72,100100038202400003,202400003,2024-02-03,112,38,1,1,2,8,1,7,2024-02-03 07:30:04,2024-02-03 17:30:04,2024-02-03 23:30:04,14.510543,78.594648,"On 03-Feb-2024, a case of dacoity was reported near Hubballi-Dharwad Rural PS. Investigation initiated under 100100038202400003."
73,100060024202500001,202500001,2025-03-28,113,24,4,2,6,21,1,6,2025-03-28 11:53:46,2025-03-28 12:53:46,2025-03-29 08:53:46,13.89496,78.167227,"On 28-Mar-2025, a case of ndps - possession was reported near Dakshina Traffic PS. Investigation initiated under 100060024202500001."
74,100040014202400001,202400001,2024-05-31,69,14,1,2,3,10,2,10,2024-05-31 18:31:14,2024-05-31 23:31:14,2024-06-01 07:31:14,13.609254,77.970179,"On 31-May-2024, a case of dowry harassment was reported near Belagavi CEN Crime PS. Investigation initiated under 100040014202400001."
75,100100040202400004,202400004,2024-03-02,46,40,1,2,2,5,2,7,2024-03-01 05:36:13,2024-03-02 07:36:13,2024-03-01 14:36:13,14.50475,78.641912,"On 01-Mar-2024, a case of theft was reported near Hubballi-Dharwad Rural PS. Investigation initiated under 100100040202400004."
76,100100042202500001,202500001,2025-11-26,47,42,1,2,5,19,2,6,2025-11-26 09:23:34,2025-11-26 22:23:34,2025-11-26 15:23:34,14.509014,78.629825,"On 26-Nov-2025, a case of cyberstalking was reported near Hubballi-Dharwad East PS. Investigation initiated under 100100042202500001."
77,100080031202600001,202600001,2026-04-13,62,31,2,2,3,10,1,10,2026-04-12 19:37:06,2026-04-13 03:37:06,2026-04-13 01:37:06,14.131971,78.435723,"On 12-Apr-2026, a case of dowry harassment was reported near Tumakuru North PS. Investigation initiated under 100080031202600001."
78,100090034202400001,202400001,2024-05-03,56,34,2,2,4,16,6,4,2024-04-30 23:49:24,2024-05-03 18:49:24,2024-05-01 16:49:24,14.340424,78.506424,"On 30-Apr-2024, a case of child labour was reported near Shivamogga Cyber Crime PS. Investigation initiated under 100090034202400001."
79,100020008202400001,202400001,2024-04-20,102,8,4,1,1,1,2,10,2024-04-20 11:22:53,2024-04-20 16:22:53,2024-04-21 05:22:53,13.27651,77.827191,"On 20-Apr-2024, a case of murder was reported near Bengaluru Rural PS. Investigation initiated under 100020008202400001."
80,100070027202400001,202400001,2024-04-24,92,27,1,1,4,14,1,6,2024-04-22 04:09:09,2024-04-24 07:09:09,2024-04-22 11:09:09,14.017305,78.322742,"On 22-Apr-2024, a case of pocso offences was reported near Kalaburagi Traffic PS. Investigation initiated under 100070027202400001."
81,100050018202600001,202600001,2026-05-14,96,18,1,2,6,22,2,9,2026-05-13 08:30:39,2026-05-14 02:30:39,2026-05-13 13:30:39,13.712875,78.114601,"On 13-May-2026, a case of ndps - trafficking was reported near Ballari CEN Crime PS. Investigation initiated under 100050018202600001."
82,100060025202500001,202500001,2025-03-30,8,25,1,1,1,2,1,5,2025-03-29 08:03:25,2025-03-30 05:03:25,2025-03-29 18:03:25,13.889939,78.159243,"On 29-Mar-2025, a case of attempt to murder was reported near Dakshina North PS. Investigation initiated under 100060025202500001."
83,100070029202400001,202400001,2024-11-06,10,29,2,2,6,21,4,3,2024-11-05 05:08:05,2024-11-06 06:08:05,2024-11-05 15:08:05,14.016481,78.342945,"On 05-Nov-2024, a case of ndps - possession was reported near Kalaburagi West PS. Investigation initiated under 100070029202400001."
84,100010005202500001,202500001,2025-11-24,70,5,2,2,6,21,7,9,2025-11-21 22:26:07,2025-11-24 17:26:07,2025-11-22 01:26:07,13.150226,77.660537,"On 21-Nov-2025, a case of ndps - possession was reported near Bengaluru Central PS. Investigation initiated under 100010005202500001."
85,100040016202400001,202400001,2024-03-29,4,16,4,2,6,22,7,9,2024-03-28 16:00:48,2024-03-29 07:00:48,2024-03-29 05:00:48,13.547259,78.016998,"On 28-Mar-2024, a case of ndps - trafficking was reported near Belagavi Town PS. Investigation initiated under 100040016202400001."
86,100040014202500001,202500001,2025-03-30,92,14,1,2,7,25,5,6,2025-03-30 00:02:10,2025-03-30 10:02:10,2025-03-31 00:02:10,13.590204,77.946975,"On 30-Mar-2025, a case of forgery was reported near Belagavi CEN Crime PS. Investigation initiated under 100040014202500001."
87,100090035202400001,202400001,2024-02-14,16,35,1,2,3,12,3,1,2024-02-12 09:01:45,2024-02-14 09:01:45,2024-02-12 10:01:45,14.326952,78.500107,"On 12-Feb-2024, a case of domestic violence was reported near Shivamogga East PS. Investigation initiated under 100090035202400001."
88,100050017202500001,202500001,2025-02-14,25,17,1,2,8,27,2,6,2025-02-13 10:21:24,2025-02-14 17:21:24,2025-02-13 14:21:24,13.700114,78.051581,"On 13-Feb-2025, a case of unlawful assembly was reported near Ballari Central PS. Investigation initiated under 100050017202500001."
89,100020007202400002,202400002,2024-05-04,81,7,1,2,2,7,6,2,2024-05-04 05:27:07,2024-05-04 23:27:07,2024-05-04 23:27:07,13.241243,77.817954,"On 04-May-2024, a case of burglary was reported near Bengaluru CEN Crime PS. Investigation initiated under 100020007202400002."
90,100030009202500002,202500002,2025-06-25,30,9,1,2,3,11,4,2,2025-06-22 21:26:42,2025-06-25 11:26:42,2025-06-23 09:26:42,13.375642,77.920747,"On 22-Jun-2025, a case of molestation was reported near Mysuru North PS. Investigation initiated under 100030009202500002."
91,100080031202500001,202500001,2025-12-27,20,31,3,1,1,2,2,3,2025-12-26 09:22:09,2025-12-27 15:22:09,2025-12-26 12:22:09,14.173054,78.372681,"On 26-Dec-2025, a case of attempt to murder was reported near Tumakuru North PS. Investigation initiated under 100080031202500001."
92,100060026202500003,202500003,2025-01-11,62,26,1,2,1,3,7,3,2025-01-10 10:52:15,2025-01-11 14:52:15,2025-01-11 01:52:15,13.882253,78.191741,"On 10-Jan-2025, a case of grievous hurt was reported near Dakshina West PS. Investigation initiated under 100060026202500003."
93,100030012202500002,202500002,2025-04-24,100,12,1,1,1,1,1,7,2025-04-23 12:38:38,2025-04-24 05:38:38,2025-04-24 08:38:38,13.425529,77.84472,"On 23-Apr-2025, a case of murder was reported near Mysuru Rural PS. Investigation initiated under 100030012202500002."
94,100050021202400002,202400002,2024-04-21,47,21,1,1,2,6,2,10,2024-04-19 18:34:49,2024-04-21 03:34:49,2024-04-20 03:34:49,13.757098,78.086956,"On 19-Apr-2024, a case of robbery was reported near Ballari South PS. Investigation initiated under 100050021202400002."
95,100040015202400001,202400001,2024-02-16,77,15,1,2,1,4,7,1,2024-02-14 03:09:13,2024-02-16 07:09:13,2024-02-14 23:09:13,13.587218,77.973247,"On 14-Feb-2024, a case of assault was reported near Belagavi Cyber Crime PS. Investigation initiated under 100040015202400001."
96,100100038202500002,202500002,2025-08-18,75,38,1,1,1,1,7,6,2025-08-15 11:31:03,2025-08-18 10:31:03,2025-08-15 21:31:03,14.494214,78.600511,"On 15-Aug-2025, a case of murder was reported near Hubballi-Dharwad Rural PS. Investigation initiated under 100100038202500002."
97,100090037202600002,202600002,2026-03-15,59,37,1,2,8,27,2,10,2026-03-14 06:34:40,2026-03-15 14:34:40,2026-03-14 17:34:40,14.367724,78.490485,"On 14-Mar-2026, a case of unlawful assembly was reported near Shivamogga South PS. Investigation initiated under 100090037202600002."
98,100080031202600001,202600001,2026-02-15,31,31,1,2,4,16,1,5,2026-02-14 02:59:44,2026-02-15 03:59:44,2026-02-14 18:59:44,14.195311,78.368086,"On 14-Feb-2026, a case of child labour was reported near Tumakuru North PS. Investigation initiated under 100080031202600001."
99,100090035202400002,202400002,2024-03-20,59,35,1,2,6,22,6,6,2024-03-19 03:30:58,2024-03-20 02:30:58,2024-03-19 18:30:58,14.369251,78.514424,"On 19-Mar-2024, a case of ndps - trafficking was reported near Shivamogga East PS. Investigation initiated under 100090035202400002."
100,100020007202400003,202400003,2024-02-26,20,7,1,2,4,16,2,8,2024-02-24 14:46:38,2024-02-26 15:46:38,2024-02-24 21:46:38,13.236184,77.840515,"On 24-Feb-2024, a case of child labour was reported near Bengaluru CEN Crime PS. Investigation initiated under 100020007202400003."
101,100090036202400001,202400001,2024-12-01,26,36,3,2,5,19,1,10,2024-11-30 12:48:03,2024-12-01 04:48:03,2024-12-01 00:48:03,14.358337,78.540912,"On 30-Nov-2024, a case of cyberstalking was reported near Shivamogga Town PS. Investigation initiated under 100090036202400001."
102,100100039202600001,202600001,2026-04-16,53,39,1,2,5,20,4,3,2026-04-14 13:39:07,2026-04-16 12:39:07,2026-04-15 13:39:07,14.480292,78.641153,"On 14-Apr-2026, a case of identity theft was reported near Hubballi-Dharwad North PS. Investigation initiated under 100100039202600001."
103,100050017202400002,202400002,2024-10-26,17,17,1,1,2,8,1,9,2024-10-24 21:50:19,2024-10-26 05:50:19,2024-10-25 21:50:19,13.700018,78.107248,"On 24-Oct-2024, a case of dacoity was reported near Ballari Central PS. Investigation initiated under 100050017202400002."
104,100080031202400002,202400002,2024-11-10,72,31,1,2,7,24,2,7,2024-11-10 04:02:52,2024-11-10 05:02:52,2024-11-10 22:02:52,14.158964,78.385774,"On 10-Nov-2024, a case of criminal breach of trust was reported near Tumakuru North PS. Investigation initiated under 100080031202400002."
105,100050019202500001,202500001,2025-02-13,69,19,1,2,8,27,1,1,2025-02-10 10:34:50,2025-02-13 01:34:50,2025-02-10 17:34:50,13.703664,78.059815,"On 10-Feb-2025, a case of unlawful assembly was reported near Ballari North PS. Investigation initiated under 100050019202500001."
106,100030010202400001,202400001,2024-04-26,49,10,1,2,7,23,2,1,2024-04-25 03:22:22,2024-04-26 03:22:22,2024-04-25 10:22:22,13.46117,77.869608,"On 25-Apr-2024, a case of cheating was reported near Mysuru Town PS. Investigation initiated under 100030010202400001."
107,100010003202400002,202400002,2024-04-02,80,3,1,2,8,26,2,6,2024-04-01 12:25:38,2024-04-02 00:25:38,2024-04-01 20:25:38,13.08737,77.65374,"On 01-Apr-2024, a case of rioting was reported near Bengaluru East PS. Investigation initiated under 100010003202400002."
108,100090037202400001,202400001,2024-07-17,9,37,1,2,6,22,4,9,2024-07-15 15:35:18,2024-07-17 03:35:18,2024-07-16 11:35:18,14.363047,78.500052,"On 15-Jul-2024, a case of ndps - trafficking was reported near Shivamogga South PS. Investigation initiated under 100090037202400001."
109,100060025202400001,202400001,2024-10-01,67,25,1,2,8,26,3,2,2024-09-29 07:21:53,2024-10-01 01:21:53,2024-09-29 21:21:53,13.88569,78.155646,"On 29-Sep-2024, a case of rioting was reported near Dakshina North PS. Investigation initiated under 100060025202400001."
110,100100040202400005,202400005,2024-10-01,93,40,1,1,1,1,5,4,2024-09-30 20:31:07,2024-10-01 06:31:07,2024-10-01 03:31:07,14.517659,78.554312,"On 30-Sep-2024, a case of murder was reported near Hubballi-Dharwad Rural PS. Investigation initiated under 100100040202400005."
111,100050021202500001,202500001,2025-03-13,51,21,1,2,4,15,4,1,2025-03-11 19:58:49,2025-03-13 04:58:49,2025-03-12 07:58:49,13.767765,78.08935,"On 11-Mar-2025, a case of child trafficking was reported near Ballari South PS. Investigation initiated under 100050021202500001."
112,100060026202500004,202500004,2025-11-12,89,26,1,2,4,16,1,10,2025-11-10 09:41:33,2025-11-12 03:41:33,2025-11-11 01:41:33,13.83889,78.227171,"On 10-Nov-2025, a case of child labour was reported near Dakshina West PS. Investigation initiated under 100060026202500004."
113,100030010202500001,202500001,2025-02-28,51,10,1,2,7,24,4,3,2025-02-26 06:53:49,2025-02-28 23:53:49,2025-02-26 09:53:49,13.393809,77.873578,"On 26-Feb-2025, a case of criminal breach of trust was reported near Mysuru Town PS. Investigation initiated under 100030010202500001."
114,100090037202400002,202400002,2024-10-27,99,37,1,2,7,24,2,5,2024-10-26 19:05:28,2024-10-27 20:05:28,2024-10-27 06:05:28,14.306052,78.510141,"On 26-Oct-2024, a case of criminal breach of trust was reported near Shivamogga South PS. Investigation initiated under 100090037202400002."
115,100060022202600001,202600001,2026-05-31,19,22,1,1,4,14,2,1,2026-05-30 00:55:58,2026-05-31 10:55:58,2026-05-30 18:55:58,13.869903,78.217592,"On 30-May-2026, a case of pocso offences was reported near Dakshina East PS. Investigation initiated under 100060022202600001."
116,100050020202500002,202500002,2025-07-17,31,20,1,2,7,25,1,9,2025-07-15 14:10:39,2025-07-17 11:10:39,2025-07-16 12:10:39,13.706791,78.107123,"On 15-Jul-2025, a case of forgery was reported near Ballari Central PS. Investigation initiated under 100050020202500002."
117,100100039202400001,202400001,2024-01-16,40,39,1,2,3,11,3,9,2024-01-13 08:06:06,2024-01-16 06:06:06,2024-01-14 06:06:06,14.501611,78.630859,"On 13-Jan-2024, a case of molestation was reported near Hubballi-Dharwad North PS. Investigation initiated under 100100039202400001."
118,100100041202600001,202600001,2026-04-17,79,41,3,2,5,18,4,10,2026-04-16 16:15:11,2026-04-17 06:15:11,2026-04-16 21:15:11,14.440075,78.620845,"On 16-Apr-2026, a case of hacking was reported near Hubballi-Dharwad CEN Crime PS. Investigation initiated under 100100041202600001."
119,100050021202400001,202400001,2024-12-11,41,21,3,2,4,15,2,7,2024-12-11 15:19:51,2024-12-11 21:19:51,2024-12-12 11:19:51,13.745133,78.082637,"On 11-Dec-2024, a case of child trafficking was reported near Ballari South PS. Investigation initiated under 100050021202400001."
120,100070028202600002,202600002,2026-04-01,100,28,1,1,1,2,2,10,2026-03-30 13:03:45,2026-04-01 23:03:45,2026-03-30 16:03:45,14.043865,78.255917,"On 30-Mar-2026, a case of attempt to murder was reported near Kalaburagi Central PS. Investigation initiated under 100070028202600002."
121,100030011202400001,202400001,2024-10-29,21,11,1,2,7,23,4,3,2024-10-27 17:54:09,2024-10-29 12:54:09,2024-10-28 12:54:09,13.458731,77.930867,"On 27-Oct-2024, a case of cheating was reported near Mysuru Town PS. Investigation initiated under 100030011202400001."
122,100040014202400002,202400002,2024-01-28,108,14,1,2,3,10,3,10,2024-01-27 19:26:47,2024-01-28 00:26:47,2024-01-28 00:26:47,13.606983,78.0113,"On 27-Jan-2024, a case of dowry harassment was reported near Belagavi CEN Crime PS. Investigation initiated under 100040014202400002."
123,100010005202400001,202400001,2024-05-20,90,5,1,2,3,10,3,4,2024-05-19 03:35:18,2024-05-20 15:35:18,2024-05-19 14:35:18,13.124305,77.697065,"On 19-May-2024, a case of dowry harassment was reported near Bengaluru Central PS. Investigation initiated under 100010005202400001."
124,100100040202500001,202500001,2025-01-07,89,40,4,2,7,23,1,5,2025-01-04 03:16:15,2025-01-07 03:16:15,2025-01-05 00:16:15,14.442834,78.608662,"On 04-Jan-2025, a case of cheating was reported near Hubballi-Dharwad Rural PS. Investigation initiated under 100100040202500001."
125,100070030202400001,202400001,2024-05-06,72,30,2,2,7,25,1,9,2024-05-03 19:55:52,2024-05-06 14:55:52,2024-05-04 05:55:52,14.028094,78.31242,"On 03-May-2024, a case of forgery was reported near Kalaburagi Rural PS. Investigation initiated under 100070030202400001."
126,100040016202500002,202500002,2025-10-19,26,16,1,2,5,18,2,2,2025-10-18 12:02:49,2025-10-19 11:02:49,2025-10-18 16:02:49,13.559022,77.94834,"On 18-Oct-2025, a case of hacking was reported near Belagavi Town PS. Investigation initiated under 100040016202500002."
127,100010002202600001,202600001,2026-02-06,57,2,1,2,5,18,1,2,2026-02-05 12:14:01,2026-02-06 13:14:01,2026-02-05 22:14:01,13.099265,77.676515,"On 05-Feb-2026, a case of hacking was reported near Bengaluru Town PS. Investigation initiated under 100010002202600001."
128,100060025202500002,202500002,2025-11-01,26,25,1,2,7,24,1,9,2025-10-29 18:55:48,2025-11-01 04:55:48,2025-10-30 14:55:48,13.857162,78.177833,"On 29-Oct-2025, a case of criminal breach of trust was reported near Dakshina North PS. Investigation initiated under 100060025202500002."
129,100020008202500002,202500002,2025-06-24,52,8,1,2,8,26,1,2,2025-06-22 05:39:55,2025-06-24 02:39:55,2025-06-23 01:39:55,13.279068,77.795395,"On 22-Jun-2025, a case of rioting was reported near Bengaluru Rural PS. Investigation initiated under 100020008202500002."
130,100010005202400002,202400002,2024-08-18,75,5,1,2,7,24,2,1,2024-08-18 02:41:48,2024-08-18 10:41:48,2024-08-18 05:41:48,13.093361,77.658492,"On 18-Aug-2024, a case of criminal breach of trust was reported near Bengaluru Central PS. Investigation initiated under 100010005202400002."
131,100060023202500001,202500001,2025-08-22,49,23,1,2,5,17,1,7,2025-08-20 14:35:05,2025-08-22 17:35:05,2025-08-21 11:35:05,13.853413,78.182879,"On 20-Aug-2025, a case of online financial fraud was reported near Dakshina Town PS. Investigation initiated under 100060023202500001."
132,100030009202400002,202400002,2024-08-23,71,9,1,2,7,24,6,8,2024-08-21 16:15:55,2024-08-23 23:15:55,2024-08-22 12:15:55,13.38958,77.895541,"On 21-Aug-2024, a case of criminal breach of trust was reported near Mysuru North PS. Investigation initiated under 100030009202400002."
133,100010005202600001,202600001,2026-01-28,61,5,1,2,5,17,7,10,2026-01-25 06:52:58,2026-01-28 03:52:58,2026-01-25 07:52:58,13.118487,77.695866,"On 25-Jan-2026, a case of online financial fraud was reported near Bengaluru Central PS. Investigation initiated under 100010005202600001."
134,100050018202600001,202600001,2026-02-13,34,18,3,1,1,1,3,4,2026-02-12 14:51:07,2026-02-13 10:51:07,2026-02-13 12:51:07,13.716265,78.125384,"On 12-Feb-2026, a case of murder was reported near Ballari CEN Crime PS. Investigation initiated under 100050018202600001."
135,100070028202400001,202400001,2024-07-06,69,28,1,2,8,27,3,6,2024-07-03 20:12:38,2024-07-06 16:12:38,2024-07-04 18:12:38,14.067187,78.254336,"On 03-Jul-2024, a case of unlawful assembly was reported near Kalaburagi Central PS. Investigation initiated under 100070028202400001."
136,100040014202600001,202600001,2026-04-17,73,14,4,2,2,5,1,3,2026-04-17 03:07:27,2026-04-17 20:07:27,2026-04-17 16:07:27,13.587239,78.03459,"On 17-Apr-2026, a case of theft was reported near Belagavi CEN Crime PS. Investigation initiated under 100040014202600001."
137,100070029202500002,202500002,2025-01-20,28,29,1,2,4,16,2,10,2025-01-18 04:28:22,2025-01-20 19:28:22,2025-01-18 08:28:22,13.985987,78.321471,"On 18-Jan-2025, a case of child labour was reported near Kalaburagi West PS. Investigation initiated under 100070029202500002."
138,100080033202400001,202400001,2024-06-19,89,33,1,2,8,27,2,8,2024-06-19 06:12:49,2024-06-19 15:12:49,2024-06-20 00:12:49,14.144185,78.383042,"On 19-Jun-2024, a case of unlawful assembly was reported near Tumakuru West PS. Investigation initiated under 100080033202400001."
139,100060025202500003,202500003,2025-12-26,101,25,1,2,5,20,2,1,2025-12-24 10:14:27,2025-12-26 20:14:27,2025-12-24 11:14:27,13.825304,78.150205,"On 24-Dec-2025, a case of identity theft was reported near Dakshina North PS. Investigation initiated under 100060025202500003."
140,100030011202400001,202400001,2024-09-20,104,11,2,2,2,5,1,7,2024-09-19 01:24:56,2024-09-20 06:24:56,2024-09-19 04:24:56,13.452045,77.887221,"On 19-Sep-2024, a case of theft was reported near Mysuru Town PS. Investigation initiated under 100030011202400001."
141,100100042202500002,202500002,2025-11-02,35,42,1,2,5,20,3,9,2025-10-30 16:19:14,2025-11-02 05:19:14,2025-10-31 15:19:14,14.434289,78.558909,"On 30-Oct-2025, a case of identity theft was reported near Hubballi-Dharwad East PS. Investigation initiated under 100100042202500002."
142,100080031202600002,202600002,2026-02-24,79,31,1,2,3,10,1,8,2026-02-22 07:38:01,2026-02-24 06:38:01,2026-02-22 17:38:01,14.142559,78.369738,"On 22-Feb-2026, a case of dowry harassment was reported near Tumakuru North PS. Investigation initiated under 100080031202600002."
143,100050021202500002,202500002,2025-06-03,115,21,1,2,2,7,1,4,2025-06-02 14:47:14,2025-06-03 21:47:14,2025-06-03 14:47:14,13.71286,78.064596,"On 02-Jun-2025, a case of burglary was reported near Ballari South PS. Investigation initiated under 100050021202500002."
144,100030011202500001,202500001,2025-03-22,61,11,1,1,4,14,2,8,2025-03-19 14:16:21,2025-03-22 09:16:21,2025-03-20 06:16:21,13.45782,77.866244,"On 19-Mar-2025, a case of pocso offences was reported near Mysuru Town PS. Investigation initiated under 100030011202500001."
145,100070029202400002,202400002,2024-10-25,83,29,1,2,2,9,4,2,2024-10-23 06:42:27,2024-10-25 11:42:27,2024-10-23 13:42:27,13.984871,78.274179,"On 23-Oct-2024, a case of criminal trespass was reported near Kalaburagi West PS. Investigation initiated under 100070029202400002."
146,100100040202600001,202600001,2026-03-26,47,40,3,2,1,3,6,6,2026-03-25 20:15:25,2026-03-26 11:15:25,2026-03-26 09:15:25,14.458159,78.606513,"On 25-Mar-2026, a case of grievous hurt was reported near Hubballi-Dharwad Rural PS. Investigation initiated under 100100040202600001."
147,100090035202400001,202400001,2024-08-16,11,35,3,2,8,27,4,7,2024-08-15 23:31:13,2024-08-16 08:31:13,2024-08-16 06:31:13,14.36079,78.490387,"On 15-Aug-2024, a case of unlawful assembly was reported near Shivamogga East PS. Investigation initiated under 100090035202400001."
148,100050019202500002,202500002,2025-04-18,84,19,1,1,1,2,5,6,2025-04-15 22:35:45,2025-04-18 17:35:45,2025-04-16 19:35:45,13.705188,78.10247,"On 15-Apr-2025, a case of attempt to murder was reported near Ballari North PS. Investigation initiated under 100050019202500002."
149,100010003202500001,202500001,2025-09-24,4,3,1,2,6,21,2,7,2025-09-22 00:57:01,2025-09-24 22:57:01,2025-09-22 06:57:01,13.124964,77.656749,"On 22-Sep-2025, a case of ndps - possession was reported near Bengaluru East PS. Investigation initiated under 100010003202500001."
150,100060026202500005,202500005,2025-12-06,48,26,1,2,6,21,7,7,2025-12-04 10:30:11,2025-12-06 09:30:11,2025-12-04 23:30:11,13.836395,78.22998,"On 04-Dec-2025, a case of ndps - possession was reported near Dakshina West PS. Investigation initiated under 100060026202500005."
151,100090037202600001,202600001,2026-05-28,106,37,2,2,3,11,1,5,2026-05-26 10:35:15,2026-05-28 11:35:15,2026-05-26 20:35:15,14.326987,78.448823,"On 26-May-2026, a case of molestation was reported near Shivamogga South PS. Investigation initiated under 100090037202600001."
152,100080031202500001,202500001,2025-08-12,41,31,4,2,2,7,2,8,2025-08-12 04:21:50,2025-08-12 07:21:50,2025-08-12 13:21:50,14.137885,78.350451,"On 12-Aug-2025, a case of burglary was reported near Tumakuru North PS. Investigation initiated under 100080031202500001."
153,100050020202500003,202500003,2025-11-26,48,20,1,2,6,21,2,8,2025-11-24 16:32:43,2025-11-26 14:32:43,2025-11-24 21:32:43,13.67289,78.096417,"On 24-Nov-2025, a case of ndps - possession was reported near Ballari Central PS. Investigation initiated under 100050020202500003."
154,100060024202500001,202500001,2025-04-07,17,24,1,2,8,27,1,3,2025-04-05 09:41:34,2025-04-07 00:41:34,2025-04-05 10:41:34,13.896046,78.15646,"On 05-Apr-2025, a case of unlawful assembly was reported near Dakshina Traffic PS. Investigation initiated under 100060024202500001."
155,100030012202400001,202400001,2024-10-24,65,12,1,1,1,1,1,10,2024-10-23 11:54:37,2024-10-24 23:54:37,2024-10-24 06:54:37,13.406384,77.860656,"On 23-Oct-2024, a case of murder was reported near Mysuru Rural PS. Investigation initiated under 100030012202400001."
156,100030012202500001,202500001,2025-08-30,16,12,2,2,7,24,1,8,2025-08-29 05:08:59,2025-08-30 11:08:59,2025-08-29 19:08:59,13.382885,77.943061,"On 29-Aug-2025, a case of criminal breach of trust was reported near Mysuru Rural PS. Investigation initiated under 100030012202500001."
157,100070028202500002,202500002,2025-04-16,87,28,1,1,2,8,7,2,2025-04-14 16:58:24,2025-04-16 16:58:24,2025-04-14 22:58:24,13.972879,78.312016,"On 14-Apr-2025, a case of dacoity was reported near Kalaburagi Central PS. Investigation initiated under 100070028202500002."
158,100010004202500001,202500001,2025-04-10,80,4,2,2,8,26,7,10,2025-04-08 18:59:37,2025-04-10 19:59:37,2025-04-09 14:59:37,13.13952,77.659874,"On 08-Apr-2025, a case of rioting was reported near Bengaluru Central PS. Investigation initiated under 100010004202500001."
159,100030012202400002,202400002,2024-08-11,15,12,1,2,5,18,2,10,2024-08-10 06:44:31,2024-08-11 00:44:31,2024-08-10 16:44:31,13.443172,77.893345,"On 10-Aug-2024, a case of hacking was reported near Mysuru Rural PS. Investigation initiated under 100030012202400002."
160,100010004202400001,202400001,2024-06-12,44,4,1,1,4,14,3,3,2024-06-12 02:29:20,2024-06-12 13:29:20,2024-06-13 01:29:20,13.07815,77.675091,"On 12-Jun-2024, a case of pocso offences was reported near Bengaluru Central PS. Investigation initiated under 100010004202400001."
161,100040014202400003,202400003,2024-09-22,101,14,1,2,6,21,3,2,2024-09-20 23:26:00,2024-09-22 22:26:00,2024-09-21 13:26:00,13.541776,78.008144,"On 20-Sep-2024, a case of ndps - possession was reported near Belagavi CEN Crime PS. Investigation initiated under 100040014202400003."
162,100050020202600001,202600001,2026-04-30,71,20,1,2,6,21,2,3,2026-04-28 23:19:01,2026-04-30 08:19:01,2026-04-29 19:19:01,13.723137,78.111756,"On 28-Apr-2026, a case of ndps - possession was reported near Ballari Central PS. Investigation initiated under 100050020202600001."
163,100100042202500003,202500003,2025-03-24,40,42,1,2,4,15,1,8,2025-03-23 21:31:41,2025-03-24 17:31:41,2025-03-24 04:31:41,14.42437,78.624304,"On 23-Mar-2025, a case of child trafficking was reported near Hubballi-Dharwad East PS. Investigation initiated under 100100042202500003."
164,100020006202500003,202500003,2025-06-23,100,6,1,2,3,11,1,9,2025-06-21 02:24:52,2025-06-23 19:24:52,2025-06-21 06:24:52,13.273796,77.827498,"On 21-Jun-2025, a case of molestation was reported near Bengaluru Rural PS. Investigation initiated under 100020006202500003."
165,100060024202400002,202400002,2024-04-06,33,24,2,1,1,1,5,9,2024-04-06 01:38:12,2024-04-06 08:38:12,2024-04-07 00:38:12,13.913346,78.21176,"On 06-Apr-2024, a case of murder was reported near Dakshina Traffic PS. Investigation initiated under 100060024202400002."
166,100080032202400002,202400002,2024-10-08,46,32,1,2,7,24,4,7,2024-10-07 15:14:21,2024-10-08 04:14:21,2024-10-07 21:14:21,14.191448,78.395233,"On 07-Oct-2024, a case of criminal breach of trust was reported near Tumakuru Rural PS. Investigation initiated under 100080032202400002."
167,100090037202400003,202400003,2024-07-15,7,37,1,1,1,2,7,7,2024-07-12 14:22:30,2024-07-15 02:22:30,2024-07-12 21:22:30,14.297778,78.529783,"On 12-Jul-2024, a case of attempt to murder was reported near Shivamogga South PS. Investigation initiated under 100090037202400003."
168,100040016202400002,202400002,2024-04-20,42,16,1,2,4,15,2,7,2024-04-18 07:22:07,2024-04-20 18:22:07,2024-04-18 10:22:07,13.522632,77.95792,"On 18-Apr-2024, a case of child trafficking was reported near Belagavi Town PS. Investigation initiated under 100040016202400002."
169,100090036202600002,202600002,2026-04-05,41,36,1,2,3,12,1,9,2026-04-02 18:20:47,2026-04-05 10:20:47,2026-04-03 05:20:47,14.35939,78.457792,"On 02-Apr-2026, a case of domestic violence was reported near Shivamogga Town PS. Investigation initiated under 100090036202600002."
170,100030011202500002,202500002,2025-02-10,72,11,1,2,7,23,7,8,2025-02-08 02:17:53,2025-02-10 18:17:53,2025-02-08 04:17:53,13.415752,77.943482,"On 08-Feb-2025, a case of cheating was reported near Mysuru Town PS. Investigation initiated under 100030011202500002."
171,100020007202500001,202500001,2025-01-17,14,7,3,2,1,3,3,6,2025-01-16 16:12:42,2025-01-17 08:12:42,2025-01-17 05:12:42,13.258956,77.837515,"On 16-Jan-2025, a case of grievous hurt was reported near Bengaluru CEN Crime PS. Investigation initiated under 100020007202500001."
172,100040014202400004,202400004,2024-01-24,95,14,1,2,7,24,3,5,2024-01-23 22:27:58,2024-01-24 18:27:58,2024-01-24 02:27:58,13.551455,78.02471,"On 23-Jan-2024, a case of criminal breach of trust was reported near Belagavi CEN Crime PS. Investigation initiated under 100040014202400004."
173,100050020202400001,202400001,2024-08-31,66,20,2,2,7,24,2,7,2024-08-28 02:44:34,2024-08-31 01:44:34,2024-08-28 05:44:34,13.76333,78.095941,"On 28-Aug-2024, a case of criminal breach of trust was reported near Ballari Central PS. Investigation initiated under 100050020202400001."
174,100050017202500002,202500002,2025-05-28,1,17,1,2,3,11,1,7,2025-05-27 03:19:38,2025-05-28 13:19:38,2025-05-28 01:19:38,13.682233,78.098038,"On 27-May-2025, a case of molestation was reported near Ballari Central PS. Investigation initiated under 100050017202500002."
175,100030013202500001,202500001,2025-07-02,69,13,3,2,4,15,3,4,2025-07-01 10:11:42,2025-07-02 17:11:42,2025-07-02 00:11:42,13.455809,77.930419,"On 01-Jul-2025, a case of child trafficking was reported near Mysuru Central PS. Investigation initiated under 100030013202500001."
176,100100041202500001,202500001,2025-06-18,66,41,2,2,7,24,5,10,2025-06-16 00:42:05,2025-06-18 23:42:05,2025-06-16 10:42:05,14.425302,78.584568,"On 16-Jun-2025, a case of criminal breach of trust was reported near Hubballi-Dharwad CEN Crime PS. Investigation initiated under 100100041202500001."
177,100050019202400002,202400002,2024-10-06,80,19,1,2,7,24,5,4,2024-10-04 20:44:48,2024-10-06 19:44:48,2024-10-05 12:44:48,13.751576,78.129053,"On 04-Oct-2024, a case of criminal breach of trust was reported near Ballari North PS. Investigation initiated under 100050019202400002."
178,100020008202400003,202400003,2024-11-12,115,8,1,2,8,27,7,3,2024-11-10 08:58:48,2024-11-12 06:58:48,2024-11-10 10:58:48,13.298609,77.800302,"On 10-Nov-2024, a case of unlawful assembly was reported near Bengaluru Rural PS. Investigation initiated under 100020008202400003."
179,100080033202500002,202500002,2025-12-18,97,33,1,2,5,19,4,9,2025-12-16 12:17:38,2025-12-18 18:17:38,2025-12-17 00:17:38,14.184544,78.369145,"On 16-Dec-2025, a case of cyberstalking was reported near Tumakuru West PS. Investigation initiated under 100080033202500002."
180,100030010202600001,202600001,2026-01-25,45,10,3,2,1,3,2,1,2026-01-22 21:55:37,2026-01-25 20:55:37,2026-01-23 07:55:37,13.443755,77.87597,"On 22-Jan-2026, a case of grievous hurt was reported near Mysuru Town PS. Investigation initiated under 100030010202600001."
181,100080033202500003,202500003,2025-10-29,39,33,1,2,6,21,1,7,2025-10-26 15:41:22,2025-10-29 13:41:22,2025-10-27 10:41:22,14.147469,78.427823,"On 26-Oct-2025, a case of ndps - possession was reported near Tumakuru West PS. Investigation initiated under 100080033202500003."
182,100090034202500001,202500001,2025-07-07,55,34,1,2,2,7,2,7,2025-07-06 19:58:05,2025-07-07 20:58:05,2025-07-07 07:58:05,14.317031,78.459255,"On 06-Jul-2025, a case of burglary was reported near Shivamogga Cyber Crime PS. Investigation initiated under 100090034202500001."
183,100070027202500001,202500001,2025-01-24,39,27,1,2,6,22,1,5,2025-01-24 03:26:21,2025-01-24 23:26:21,2025-01-24 07:26:21,14.008747,78.343702,"On 24-Jan-2025, a case of ndps - trafficking was reported near Kalaburagi Traffic PS. Investigation initiated under 100070027202500001."
184,100050021202500003,202500003,2025-03-07,114,21,1,2,7,24,1,8,2025-03-05 18:30:51,2025-03-07 21:30:51,2025-03-06 05:30:51,13.725699,78.140408,"On 05-Mar-2025, a case of criminal breach of trust was reported near Ballari South PS. Investigation initiated under 100050021202500003."
185,100100039202400002,202400002,2024-08-28,111,39,1,2,1,4,6,9,2024-08-28 02:19:00,2024-08-28 05:19:00,2024-08-28 13:19:00,14.465302,78.586094,"On 28-Aug-2024, a case of assault was reported near Hubballi-Dharwad North PS. Investigation initiated under 100100039202400002."
186,100020008202400004,202400004,2024-09-29,15,8,1,2,4,16,2,5,2024-09-26 21:16:29,2024-09-29 13:16:29,2024-09-27 14:16:29,13.296839,77.783105,"On 26-Sep-2024, a case of child labour was reported near Bengaluru Rural PS. Investigation initiated under 100020008202400004."
187,100030010202500002,202500002,2025-01-21,60,10,1,2,3,11,2,10,2025-01-18 19:49:47,2025-01-21 02:49:47,2025-01-19 13:49:47,13.416774,77.8447,"On 18-Jan-2025, a case of molestation was reported near Mysuru Town PS. Investigation initiated under 100030010202500002."
188,100070028202500003,202500003,2025-02-21,44,28,1,2,6,22,3,4,2025-02-19 10:08:39,2025-02-21 20:08:39,2025-02-19 19:08:39,13.996193,78.342902,"On 19-Feb-2025, a case of ndps - trafficking was reported near Kalaburagi Central PS. Investigation initiated under 100070028202500003."
189,100070029202400003,202400003,2024-08-28,90,29,1,2,6,22,5,1,2024-08-26 23:25:21,2024-08-28 21:25:21,2024-08-27 12:25:21,13.989319,78.321397,"On 26-Aug-2024, a case of ndps - trafficking was reported near Kalaburagi West PS. Investigation initiated under 100070029202400003."
190,100030011202600001,202600001,2026-02-07,30,11,1,2,3,10,2,9,2026-02-07 07:13:32,2026-02-07 16:13:32,2026-02-07 12:13:32,13.397562,77.90159,"On 07-Feb-2026, a case of dowry harassment was reported near Mysuru Town PS. Investigation initiated under 100030011202600001."
191,100040015202400001,202400001,2024-06-20,81,15,4,2,7,23,7,2,2024-06-19 07:32:11,2024-06-20 09:32:11,2024-06-19 13:32:11,13.554522,77.950884,"On 19-Jun-2024, a case of cheating was reported near Belagavi Cyber Crime PS. Investigation initiated under 100040015202400001."
192,100100038202600001,202600001,2026-03-12,8,38,1,1,1,1,2,5,2026-03-12 13:49:54,2026-03-12 22:49:54,2026-03-12 18:49:54,14.4278,78.624839,"On 12-Mar-2026, a case of murder was reported near Hubballi-Dharwad Rural PS. Investigation initiated under 100100038202600001."
193,100010002202400001,202400001,2024-12-01,108,2,1,2,6,21,1,4,2024-12-01 20:29:13,2024-12-01 22:29:13,2024-12-02 16:29:13,13.14293,77.703889,"On 01-Dec-2024, a case of ndps - possession was reported near Bengaluru Town PS. Investigation initiated under 100010002202400001."
194,100090035202400001,202400001,2024-12-05,76,35,2,2,3,13,1,3,2024-12-03 20:33:08,2024-12-05 16:33:08,2024-12-04 06:33:08,14.308483,78.445408,"On 03-Dec-2024, a case of stalking was reported near Shivamogga East PS. Investigation initiated under 100090035202400001."
195,100080032202600001,202600001,2026-02-02,99,32,1,1,1,2,3,6,2026-01-31 10:33:56,2026-02-02 22:33:56,2026-02-01 06:33:56,14.142914,78.392675,"On 31-Jan-2026, a case of attempt to murder was reported near Tumakuru Rural PS. Investigation initiated under 100080032202600001."
196,100020007202500001,202500001,2025-08-13,31,7,1,2,3,13,3,6,2025-08-12 18:40:06,2025-08-13 09:40:06,2025-08-13 05:40:06,13.315211,77.775107,"On 12-Aug-2025, a case of stalking was reported near Bengaluru CEN Crime PS. Investigation initiated under 100020007202500001."
197,100100040202500001,202500001,2025-05-27,92,40,1,2,7,25,4,6,2025-05-25 01:10:24,2025-05-27 01:10:24,2025-05-25 17:10:24,14.473489,78.5625,"On 25-May-2025, a case of forgery was reported near Hubballi-Dharwad Rural PS. Investigation initiated under 100100040202500001."
198,100070030202400001,202400001,2024-05-16,35,30,1,2,6,22,2,7,2024-05-14 09:39:08,2024-05-16 17:39:08,2024-05-14 23:39:08,14.008351,78.294354,"On 14-May-2024, a case of ndps - trafficking was reported near Kalaburagi Rural PS. Investigation initiated under 100070030202400001."
199,100050017202600001,202600001,2026-04-07,2,17,1,2,5,18,4,5,2026-04-06 08:28:49,2026-04-07 02:28:49,2026-04-07 07:28:49,13.745582,78.135838,"On 06-Apr-2026, a case of hacking was reported near Ballari Central PS. Investigation initiated under 100050017202600001."
200,100070027202400002,202400002,2024-04-26,104,27,1,2,8,26,2,6,2024-04-25 23:26:28,2024-04-26 16:26:28,2024-04-26 09:26:28,14.065935,78.245568,"On 25-Apr-2024, a case of rioting was reported near Kalaburagi Traffic PS. Investigation initiated under 100070027202400002."
201,100030013202500003,202500003,2025-03-05,23,13,1,2,6,22,3,1,2025-03-03 12:06:15,2025-03-05 03:06:15,2025-03-03 15:06:15,13.388742,77.912089,"On 03-Mar-2025, a case of ndps - trafficking was reported near Mysuru Central PS. Investigation initiated under 100030013202500003."
202,100070027202600001,202600001,2026-03-05,105,27,1,1,2,8,7,8,2026-03-04 02:08:46,2026-03-05 05:08:46,2026-03-04 07:08:46,14.058645,78.275576,"On 04-Mar-2026, a case of dacoity was reported near Kalaburagi Traffic PS. Investigation initiated under 100070027202600001."
203,100030012202500003,202500003,2025-12-11,6,12,1,2,3,13,2,4,2025-12-10 09:27:52,2025-12-11 09:27:52,2025-12-11 08:27:52,13.428462,77.883955,"On 10-Dec-2025, a case of stalking was reported near Mysuru Rural PS. Investigation initiated under 100030012202500003."
204,100070030202500001,202500001,2025-12-17,42,30,1,2,7,23,2,8,2025-12-17 00:41:46,2025-12-17 02:41:46,2025-12-17 09:41:46,13.983068,78.336314,"On 17-Dec-2025, a case of cheating was reported near Kalaburagi Rural PS. Investigation initiated under 100070030202500001."
205,100060023202400001,202400001,2024-02-04,92,23,1,1,1,2,2,2,2024-02-04 02:43:54,2024-02-04 09:43:54,2024-02-04 23:43:54,13.902751,78.208701,"On 04-Feb-2024, a case of attempt to murder was reported near Dakshina Town PS. Investigation initiated under 100060023202400001."
206,100030011202500003,202500003,2025-09-09,55,11,1,2,2,7,1,2,2025-09-08 03:39:47,2025-09-09 04:39:47,2025-09-08 23:39:47,13.392312,77.89877,"On 08-Sep-2025, a case of burglary was reported near Mysuru Town PS. Investigation initiated under 100030011202500003."
207,100050017202500001,202500001,2025-11-15,89,17,4,2,6,22,3,6,2025-11-14 08:31:47,2025-11-15 02:31:47,2025-11-14 19:31:47,13.689133,78.120772,"On 14-Nov-2025, a case of ndps - trafficking was reported near Ballari Central PS. Investigation initiated under 100050017202500001."
208,100100039202500001,202500001,2025-08-19,102,39,4,2,8,27,1,7,2025-08-17 08:17:16,2025-08-19 01:17:16,2025-08-18 05:17:16,14.500297,78.548561,"On 17-Aug-2025, a case of unlawful assembly was reported near Hubballi-Dharwad North PS. Investigation initiated under 100100039202500001."
209,100030012202500004,202500004,2025-03-29,47,12,1,2,5,19,2,7,2025-03-28 20:30:45,2025-03-29 22:30:45,2025-03-29 05:30:45,13.457843,77.892717,"On 28-Mar-2025, a case of cyberstalking was reported near Mysuru Rural PS. Investigation initiated under 100030012202500004."
210,100070027202400001,202400001,2024-09-26,16,27,3,2,6,22,2,7,2024-09-25 22:38:49,2024-09-26 08:38:49,2024-09-26 12:38:49,14.0601,78.343847,"On 25-Sep-2024, a case of ndps - trafficking was reported near Kalaburagi Traffic PS. Investigation initiated under 100070027202400001."
211,100100039202600002,202600002,2026-05-15,91,39,1,2,3,10,1,10,2026-05-15 09:28:27,2026-05-15 21:28:27,2026-05-16 06:28:27,14.492761,78.583035,"On 15-May-2026, a case of dowry harassment was reported near Hubballi-Dharwad North PS. Investigation initiated under 100100039202600002."
212,100070027202500002,202500002,2025-08-27,65,27,1,2,7,23,1,2,2025-08-26 23:30:53,2025-08-27 23:30:53,2025-08-27 22:30:53,13.985033,78.293247,"On 26-Aug-2025, a case of cheating was reported near Kalaburagi Traffic PS. Investigation initiated under 100070027202500002."
213,100010003202400003,202400003,2024-04-13,55,3,1,2,1,4,3,6,2024-04-12 08:33:17,2024-04-13 19:33:17,2024-04-13 00:33:17,13.118923,77.678303,"On 12-Apr-2024, a case of assault was reported near Bengaluru East PS. Investigation initiated under 100010003202400003."
214,100050021202600001,202600001,2026-04-19,120,21,1,2,4,16,2,8,2026-04-18 22:40:15,2026-04-19 09:40:15,2026-04-19 10:40:15,13.714392,78.137748,"On 18-Apr-2026, a case of child labour was reported near Ballari South PS. Investigation initiated under 100050021202600001."
215,100050018202500002,202500002,2025-03-15,93,18,1,2,5,20,7,8,2025-03-14 20:28:36,2025-03-15 12:28:36,2025-03-15 18:28:36,13.685176,78.098054,"On 14-Mar-2025, a case of identity theft was reported near Ballari CEN Crime PS. Investigation initiated under 100050018202500002."
216,100030009202400002,202400002,2024-08-07,50,9,3,2,7,25,4,7,2024-08-06 00:38:24,2024-08-07 16:38:24,2024-08-06 02:38:24,13.430606,77.863586,"On 06-Aug-2024, a case of forgery was reported near Mysuru North PS. Investigation initiated under 100030009202400002."
217,100060022202600002,202600002,2026-02-20,100,22,1,2,4,16,7,3,2026-02-19 00:01:29,2026-02-20 05:01:29,2026-02-19 23:01:29,13.895173,78.236916,"On 19-Feb-2026, a case of child labour was reported near Dakshina East PS. Investigation initiated under 100060022202600002."
218,100030013202500004,202500004,2025-10-15,49,13,1,2,1,3,4,7,2025-10-15 00:12:42,2025-10-15 14:12:42,2025-10-15 22:12:42,13.45015,77.930443,"On 15-Oct-2025, a case of grievous hurt was reported near Mysuru Central PS. Investigation initiated under 100030013202500004."
219,100020006202600001,202600001,2026-01-19,16,6,2,2,7,24,3,8,2026-01-17 03:24:16,2026-01-19 12:24:16,2026-01-17 15:24:16,13.22276,77.756263,"On 17-Jan-2026, a case of criminal breach of trust was reported near Bengaluru Rural PS. Investigation initiated under 100020006202600001."
220,100040014202600002,202600002,2026-01-21,16,14,4,1,2,6,6,1,2026-01-20 23:50:27,2026-01-21 23:50:27,2026-01-21 00:50:27,13.577072,78.024651,"On 20-Jan-2026, a case of robbery was reported near Belagavi CEN Crime PS. Investigation initiated under 100040014202600002."
221,100060023202600001,202600001,2026-04-23,110,23,1,2,4,16,1,4,2026-04-22 18:37:46,2026-04-23 00:37:46,2026-04-23 02:37:46,13.825273,78.158767,"On 22-Apr-2026, a case of child labour was reported near Dakshina Town PS. Investigation initiated under 100060023202600001."
222,100030013202400001,202400001,2024-05-06,32,13,1,2,3,13,5,2,2024-05-04 07:29:02,2024-05-06 00:29:02,2024-05-04 21:29:02,13.409494,77.941002,"On 04-May-2024, a case of stalking was reported near Mysuru Central PS. Investigation initiated under 100030013202400001."
223,100010004202500001,202500001,2025-04-04,62,4,1,2,7,23,1,10,2025-04-01 16:13:10,2025-04-04 13:13:10,2025-04-02 10:13:10,13.131062,77.729563,"On 01-Apr-2025, a case of cheating was reported near Bengaluru Central PS. Investigation initiated under 100010004202500001."
224,100040016202500001,202500001,2025-11-18,2,16,3,2,3,10,1,7,2025-11-16 17:39:51,2025-11-18 06:39:51,2025-11-17 11:39:51,13.614559,78.025435,"On 16-Nov-2025, a case of dowry harassment was reported near Belagavi Town PS. Investigation initiated under 100040016202500001."
225,100040015202500001,202500001,2025-11-19,15,15,1,2,6,21,2,6,2025-11-19 08:47:50,2025-11-19 15:47:50,2025-11-19 22:47:50,13.571151,77.961648,"On 19-Nov-2025, a case of ndps - possession was reported near Belagavi Cyber Crime PS. Investigation initiated under 100040015202500001."
226,100090034202400002,202400002,2024-01-06,29,34,1,2,3,13,1,8,2024-01-03 12:33:38,2024-01-06 03:33:38,2024-01-03 13:33:38,14.287163,78.510263,"On 03-Jan-2024, a case of stalking was reported near Shivamogga Cyber Crime PS. Investigation initiated under 100090034202400002."
227,100030009202400003,202400003,2024-03-07,3,9,1,2,7,25,4,3,2024-03-05 09:12:53,2024-03-07 11:12:53,2024-03-05 14:12:53,13.382573,77.855388,"On 05-Mar-2024, a case of forgery was reported near Mysuru North PS. Investigation initiated under 100030009202400003."
228,100020007202500002,202500002,2025-03-09,36,7,1,2,3,11,7,4,2025-03-08 05:40:26,2025-03-09 01:40:26,2025-03-08 13:40:26,13.233646,77.784728,"On 08-Mar-2025, a case of molestation was reported near Bengaluru CEN Crime PS. Investigation initiated under 100020007202500002."
229,100080032202600002,202600002,2026-04-15,43,32,1,2,5,17,1,6,2026-04-15 05:55:44,2026-04-15 07:55:44,2026-04-16 03:55:44,14.176777,78.430797,"On 15-Apr-2026, a case of online financial fraud was reported near Tumakuru Rural PS. Investigation initiated under 100080032202600002."
230,100090035202600001,202600001,2026-01-19,25,35,1,2,5,20,7,7,2026-01-18 16:19:23,2026-01-19 18:19:23,2026-01-19 10:19:23,14.343677,78.448981,"On 18-Jan-2026, a case of identity theft was reported near Shivamogga East PS. Investigation initiated under 100090035202600001."
231,100080033202500001,202500001,2025-09-03,35,33,4,2,3,13,4,4,2025-09-01 06:17:42,2025-09-03 08:17:42,2025-09-02 00:17:42,14.199537,78.384685,"On 01-Sep-2025, a case of stalking was reported near Tumakuru West PS. Investigation initiated under 100080033202500001."
232,100040014202500002,202500002,2025-02-15,71,14,1,2,1,3,3,5,2025-02-13 10:14:18,2025-02-15 10:14:18,2025-02-13 21:14:18,13.529925,78.015146,"On 13-Feb-2025, a case of grievous hurt was reported near Belagavi CEN Crime PS. Investigation initiated under 100040014202500002."
233,100080031202400003,202400003,2024-12-13,24,31,1,2,3,13,1,5,2024-12-12 21:22:49,2024-12-13 20:22:49,2024-12-13 04:22:49,14.178566,78.438936,"On 12-Dec-2024, a case of stalking was reported near Tumakuru North PS. Investigation initiated under 100080031202400003."
234,100010001202400001,202400001,2024-07-10,98,1,4,2,2,9,4,10,2024-07-08 17:38:15,2024-07-10 13:38:15,2024-07-09 16:38:15,13.080097,77.658523,"On 08-Jul-2024, a case of criminal trespass was reported near Bengaluru Rural PS. Investigation initiated under 100010001202400001."
235,100060023202600002,202600002,2026-02-15,14,23,1,2,4,16,2,5,2026-02-14 20:10:28,2026-02-15 11:10:28,2026-02-15 12:10:28,13.838556,78.155614,"On 14-Feb-2026, a case of child labour was reported near Dakshina Town PS. Investigation initiated under 100060023202600002."
236,100030010202600001,202600001,2026-03-31,105,10,2,2,3,12,1,2,2026-03-29 11:47:44,2026-03-31 21:47:44,2026-03-30 11:47:44,13.451285,77.942234,"On 29-Mar-2026, a case of domestic violence was reported near Mysuru Town PS. Investigation initiated under 100030010202600001."
237,100020006202400002,202400002,2024-09-09,27,6,1,2,7,25,2,1,2024-09-08 02:58:05,2024-09-09 07:58:05,2024-09-09 01:58:05,13.230325,77.780771,"On 08-Sep-2024, a case of forgery was reported near Bengaluru Rural PS. Investigation initiated under 100020006202400002."
238,100020007202400004,202400004,2024-06-28,32,7,1,1,2,8,5,2,2024-06-27 06:30:07,2024-06-28 03:30:07,2024-06-27 07:30:07,13.236289,77.758728,"On 27-Jun-2024, a case of dacoity was reported near Bengaluru CEN Crime PS. Investigation initiated under 100020007202400004."
239,100010001202400001,202400001,2024-12-23,74,1,1,2,7,25,7,9,2024-12-21 12:00:13,2024-12-23 23:00:13,2024-12-22 06:00:13,13.142741,77.670405,"On 21-Dec-2024, a case of forgery was reported near Bengaluru Rural PS. Investigation initiated under 100010001202400001."
240,100050021202500004,202500004,2025-11-21,14,21,1,2,7,24,1,2,2025-11-19 13:43:35,2025-11-21 13:43:35,2025-11-20 10:43:35,13.714022,78.071592,"On 19-Nov-2025, a case of criminal breach of trust was reported near Ballari South PS. Investigation initiated under 100050021202500004."
241,100090037202500001,202500001,2025-11-25,37,37,1,2,8,26,1,7,2025-11-24 23:06:26,2025-11-25 11:06:26,2025-11-25 09:06:26,14.272448,78.480265,"On 24-Nov-2025, a case of rioting was reported near Shivamogga South PS. Investigation initiated under 100090037202500001."
242,100100042202400001,202400001,2024-12-19,56,42,1,2,3,12,2,1,2024-12-19 05:34:55,2024-12-19 22:34:55,2024-12-19 16:34:55,14.450684,78.606947,"On 19-Dec-2024, a case of domestic violence was reported near Hubballi-Dharwad East PS. Investigation initiated under 100100042202400001."
243,100070029202400004,202400004,2024-12-09,53,29,1,2,3,10,7,10,2024-12-06 14:05:03,2024-12-09 05:05:03,2024-12-06 16:05:03,14.007947,78.273263,"On 06-Dec-2024, a case of dowry harassment was reported near Kalaburagi West PS. Investigation initiated under 100070029202400004."
244,100090035202400002,202400002,2024-06-19,43,35,3,2,8,26,1,2,2024-06-18 20:59:29,2024-06-19 10:59:29,2024-06-19 09:59:29,14.348422,78.464547,"On 18-Jun-2024, a case of rioting was reported near Shivamogga East PS. Investigation initiated under 100090035202400002."
245,100050020202400001,202400001,2024-07-11,116,20,3,2,8,27,2,7,2024-07-09 17:53:17,2024-07-11 03:53:17,2024-07-09 23:53:17,13.754655,78.053844,"On 09-Jul-2024, a case of unlawful assembly was reported near Ballari Central PS. Investigation initiated under 100050020202400001."
246,100070027202500003,202500003,2025-07-07,13,27,1,2,1,4,7,1,2025-07-06 10:38:19,2025-07-07 03:38:19,2025-07-07 07:38:19,14.016533,78.341546,"On 06-Jul-2025, a case of assault was reported near Kalaburagi Traffic PS. Investigation initiated under 100070027202500003."
247,100090036202400001,202400001,2024-06-01,119,36,1,2,7,24,1,2,2024-05-30 15:05:33,2024-06-01 23:05:33,2024-05-31 12:05:33,14.299925,78.506638,"On 30-May-2024, a case of criminal breach of trust was reported near Shivamogga Town PS. Investigation initiated under 100090036202400001."
248,100020008202600001,202600001,2026-01-23,101,8,1,2,8,26,2,7,2026-01-21 06:44:32,2026-01-23 18:44:32,2026-01-21 20:44:32,13.312399,77.809086,"On 21-Jan-2026, a case of rioting was reported near Bengaluru Rural PS. Investigation initiated under 100020008202600001."
249,100090037202500002,202500002,2025-12-21,91,37,1,2,7,25,1,3,2025-12-19 08:47:33,2025-12-21 01:47:33,2025-12-20 01:47:33,14.287444,78.467697,"On 19-Dec-2025, a case of forgery was reported near Shivamogga South PS. Investigation initiated under 100090037202500002."
250,100100041202400002,202400002,2024-09-15,93,41,1,2,6,21,1,7,2024-09-14 03:08:26,2024-09-15 08:08:26,2024-09-14 13:08:26,14.440983,78.628646,"On 14-Sep-2024, a case of ndps - possession was reported near Hubballi-Dharwad CEN Crime PS. Investigation initiated under 100100041202400002."
251,100060026202400001,202400001,2024-04-17,41,26,1,2,1,4,1,8,2024-04-17 01:01:56,2024-04-17 11:01:56,2024-04-17 08:01:56,13.890334,78.182125,"On 17-Apr-2024, a case of assault was reported near Dakshina West PS. Investigation initiated under 100060026202400001."
252,100060023202500002,202500002,2025-05-18,25,23,1,2,5,20,4,5,2025-05-15 20:28:23,2025-05-18 12:28:23,2025-05-16 10:28:23,13.872866,78.184594,"On 15-May-2025, a case of identity theft was reported near Dakshina Town PS. Investigation initiated under 100060023202500002."
253,100100038202400004,202400004,2024-05-26,32,38,1,2,6,22,1,2,2024-05-25 14:14:00,2024-05-26 14:14:00,2024-05-26 01:14:00,14.464539,78.563191,"On 25-May-2024, a case of ndps - trafficking was reported near Hubballi-Dharwad Rural PS. Investigation initiated under 100100038202400004."
254,100070028202400002,202400002,2024-07-02,16,28,1,2,6,21,1,2,2024-06-30 06:58:05,2024-07-02 22:58:05,2024-06-30 22:58:05,13.976279,78.272042,"On 30-Jun-2024, a case of ndps - possession was reported near Kalaburagi Central PS. Investigation initiated under 100070028202400002."
255,100090036202600001,202600001,2026-06-08,16,36,2,2,8,26,2,6,2026-06-06 07:56:14,2026-06-08 18:56:14,2026-06-06 23:56:14,14.356467,78.541315,"On 06-Jun-2026, a case of rioting was reported near Shivamogga Town PS. Investigation initiated under 100090036202600001."
256,100100040202400001,202400001,2024-07-25,111,40,2,2,7,24,3,3,2024-07-24 15:09:22,2024-07-25 09:09:22,2024-07-25 10:09:22,14.467669,78.557229,"On 24-Jul-2024, a case of criminal breach of trust was reported near Hubballi-Dharwad Rural PS. Investigation initiated under 100100040202400001."
257,100040014202400005,202400005,2024-11-06,25,14,1,1,2,8,1,8,2024-11-05 23:10:24,2024-11-06 01:10:24,2024-11-06 21:10:24,13.543214,78.026451,"On 05-Nov-2024, a case of dacoity was reported near Belagavi CEN Crime PS. Investigation initiated under 100040014202400005."
258,100010002202500001,202500001,2025-09-09,51,2,1,2,8,27,1,9,2025-09-06 09:16:16,2025-09-09 08:16:16,2025-09-06 12:16:16,13.107043,77.665807,"On 06-Sep-2025, a case of unlawful assembly was reported near Bengaluru Town PS. Investigation initiated under 100010002202500001."
259,100060026202400002,202400002,2024-01-09,45,26,1,1,2,6,4,5,2024-01-08 09:49:16,2024-01-09 20:49:16,2024-01-09 01:49:16,13.842171,78.223173,"On 08-Jan-2024, a case of robbery was reported near Dakshina West PS. Investigation initiated under 100060026202400002."
260,100050019202500001,202500001,2025-03-31,63,19,2,2,3,11,4,6,2025-03-30 13:05:51,2025-03-31 02:05:51,2025-03-30 23:05:51,13.751989,78.078168,"On 30-Mar-2025, a case of molestation was reported near Ballari North PS. Investigation initiated under 100050019202500001."
261,100060025202500004,202500004,2025-07-20,114,25,1,2,5,20,7,6,2025-07-17 05:10:10,2025-07-20 01:10:10,2025-07-17 11:10:10,13.848131,78.212507,"On 17-Jul-2025, a case of identity theft was reported near Dakshina North PS. Investigation initiated under 100060025202500004."
262,100100040202400006,202400006,2024-12-25,37,40,1,2,3,12,2,10,2024-12-24 16:40:33,2024-12-25 01:40:33,2024-12-25 02:40:33,14.423159,78.548695,"On 24-Dec-2024, a case of domestic violence was reported near Hubballi-Dharwad Rural PS. Investigation initiated under 100100040202400006."
263,100070028202600003,202600003,2026-05-24,42,28,1,2,2,7,7,10,2026-05-22 12:14:05,2026-05-24 04:14:05,2026-05-22 18:14:05,14.027991,78.312492,"On 22-May-2026, a case of burglary was reported near Kalaburagi Central PS. Investigation initiated under 100070028202600003."
264,100090036202400002,202400002,2024-05-13,80,36,1,2,7,23,4,9,2024-05-11 09:13:39,2024-05-13 00:13:39,2024-05-11 17:13:39,14.329632,78.481911,"On 11-May-2024, a case of cheating was reported near Shivamogga Town PS. Investigation initiated under 100090036202400002."
265,100080032202400003,202400003,2024-03-31,9,32,1,2,3,12,3,1,2024-03-31 05:21:37,2024-03-31 06:21:37,2024-03-31 21:21:37,14.183966,78.36467,"On 31-Mar-2024, a case of domestic violence was reported near Tumakuru Rural PS. Investigation initiated under 100080032202400003."
266,100090035202400003,202400003,2024-11-09,31,35,1,2,8,26,2,3,2024-11-09 17:32:32,2024-11-09 20:32:32,2024-11-09 23:32:32,14.285769,78.51906,"On 09-Nov-2024, a case of rioting was reported near Shivamogga East PS. Investigation initiated under 100090035202400003."
267,100100042202400002,202400002,2024-12-13,36,42,1,2,8,26,7,1,2024-12-11 14:52:55,2024-12-13 12:52:55,2024-12-11 19:52:55,14.468391,78.616907,"On 11-Dec-2024, a case of rioting was reported near Hubballi-Dharwad East PS. Investigation initiated under 100100042202400002."
268,100090034202600002,202600002,2026-03-20,21,34,1,2,6,22,2,4,2026-03-18 09:47:53,2026-03-20 13:47:53,2026-03-18 12:47:53,14.276093,78.529803,"On 18-Mar-2026, a case of ndps - trafficking was reported near Shivamogga Cyber Crime PS. Investigation initiated under 100090034202600002."
269,100070029202400005,202400005,2024-01-25,21,29,1,1,4,14,1,7,2024-01-22 16:04:30,2024-01-25 01:04:30,2024-01-23 14:04:30,14.000209,78.264719,"On 22-Jan-2024, a case of pocso offences was reported near Kalaburagi West PS. Investigation initiated under 100070029202400005."
270,100020007202500003,202500003,2025-08-28,119,7,1,1,4,14,3,5,2025-08-26 08:45:48,2025-08-28 03:45:48,2025-08-26 09:45:48,13.244002,77.838662,"On 26-Aug-2025, a case of pocso offences was reported near Bengaluru CEN Crime PS. Investigation initiated under 100020007202500003."
271,100090036202400001,202400001,2024-10-07,98,36,2,2,6,21,1,1,2024-10-07 08:37:07,2024-10-07 18:37:07,2024-10-08 03:37:07,14.362032,78.514909,"On 07-Oct-2024, a case of ndps - possession was reported near Shivamogga Town PS. Investigation initiated under 100090036202400001."
272,100090036202500001,202500001,2025-11-29,57,36,1,2,7,24,3,2,2025-11-27 03:20:42,2025-11-29 11:20:42,2025-11-28 02:20:42,14.314283,78.458377,"On 27-Nov-2025, a case of criminal breach of trust was reported near Shivamogga Town PS. Investigation initiated under 100090036202500001."
273,100040014202500003,202500003,2025-11-28,84,14,1,2,6,21,2,4,2025-11-26 15:12:51,2025-11-28 06:12:51,2025-11-27 03:12:51,13.599621,77.973868,"On 26-Nov-2025, a case of ndps - possession was reported near Belagavi CEN Crime PS. Investigation initiated under 100040014202500003."
274,100020008202400005,202400005,2024-06-20,36,8,1,2,1,3,1,10,2024-06-18 04:20:07,2024-06-20 06:20:07,2024-06-18 14:20:07,13.304318,77.753049,"On 18-Jun-2024, a case of grievous hurt was reported near Bengaluru Rural PS. Investigation initiated under 100020008202400005."
275,100090035202500001,202500001,2025-01-18,117,35,1,2,5,18,7,1,2025-01-15 18:16:45,2025-01-18 06:16:45,2025-01-16 18:16:45,14.370861,78.468423,"On 15-Jan-2025, a case of hacking was reported near Shivamogga East PS. Investigation initiated under 100090035202500001."
276,100010004202600002,202600002,2026-01-15,34,4,1,2,2,7,6,5,2026-01-12 08:59:01,2026-01-15 07:59:01,2026-01-12 19:59:01,13.166929,77.688644,"On 12-Jan-2026, a case of burglary was reported near Bengaluru Central PS. Investigation initiated under 100010004202600002."
277,100010002202500002,202500002,2025-11-03,66,2,1,2,6,21,3,2,2025-11-01 20:00:17,2025-11-03 17:00:17,2025-11-02 00:00:17,13.079348,77.688981,"On 01-Nov-2025, a case of ndps - possession was reported near Bengaluru Town PS. Investigation initiated under 100010002202500002."
278,100080033202600001,202600001,2026-03-20,84,33,1,2,6,21,2,2,2026-03-20 05:01:42,2026-03-20 10:01:42,2026-03-21 03:01:42,14.194226,78.382709,"On 20-Mar-2026, a case of ndps - possession was reported near Tumakuru West PS. Investigation initiated under 100080033202600001."
279,100090036202600003,202600003,2026-06-02,17,36,1,2,6,22,3,9,2026-05-31 03:51:32,2026-06-02 13:51:32,2026-05-31 17:51:32,14.294576,78.527382,"On 31-May-2026, a case of ndps - trafficking was reported near Shivamogga Town PS. Investigation initiated under 100090036202600003."
280,100090036202600004,202600004,2026-04-28,93,36,1,2,5,17,1,1,2026-04-27 02:25:05,2026-04-28 22:25:05,2026-04-27 21:25:05,14.332476,78.455377,"On 27-Apr-2026, a case of online financial fraud was reported near Shivamogga Town PS. Investigation initiated under 100090036202600004."
281,100050021202600002,202600002,2026-06-14,68,21,1,2,5,17,1,10,2026-06-11 14:55:04,2026-06-14 06:55:04,2026-06-12 01:55:04,13.676429,78.096368,"On 11-Jun-2026, a case of online financial fraud was reported near Ballari South PS. Investigation initiated under 100050021202600002."
282,100100039202500001,202500001,2025-05-09,74,39,3,1,4,14,2,7,2025-05-09 19:21:48,2025-05-09 23:21:48,2025-05-10 07:21:48,14.441914,78.638781,"On 09-May-2025, a case of pocso offences was reported near Hubballi-Dharwad North PS. Investigation initiated under 100100039202500001."
283,100090034202500002,202500002,2025-04-29,20,34,1,1,1,1,1,8,2025-04-27 08:32:09,2025-04-29 09:32:09,2025-04-27 16:32:09,14.338935,78.471129,"On 27-Apr-2025, a case of murder was reported near Shivamogga Cyber Crime PS. Investigation initiated under 100090034202500002."
284,100050019202400003,202400003,2024-10-21,23,19,1,2,2,7,2,8,2024-10-18 19:04:10,2024-10-21 05:04:10,2024-10-19 06:04:10,13.69634,78.087087,"On 18-Oct-2024, a case of burglary was reported near Ballari North PS. Investigation initiated under 100050019202400003."
285,100010004202400002,202400002,2024-11-30,113,4,1,2,4,15,3,3,2024-11-29 20:45:24,2024-11-30 02:45:24,2024-11-30 06:45:24,13.116364,77.666731,"On 29-Nov-2024, a case of child trafficking was reported near Bengaluru Central PS. Investigation initiated under 100010004202400002."
286,100050019202400001,202400001,2024-03-12,109,19,2,2,6,22,2,1,2024-03-09 02:50:58,2024-03-12 01:50:58,2024-03-10 02:50:58,13.69647,78.045964,"On 09-Mar-2024, a case of ndps - trafficking was reported near Ballari North PS. Investigation initiated under 100050019202400001."
287,100100039202500002,202500002,2025-12-23,34,39,3,2,6,22,2,10,2025-12-23 14:23:58,2025-12-23 17:23:58,2025-12-24 00:23:58,14.449005,78.564867,"On 23-Dec-2025, a case of ndps - trafficking was reported near Hubballi-Dharwad North PS. Investigation initiated under 100100039202500002."
288,100090037202500003,202500003,2025-11-29,63,37,1,2,5,19,1,10,2025-11-28 20:49:17,2025-11-29 07:49:17,2025-11-29 00:49:17,14.327689,78.465368,"On 28-Nov-2025, a case of cyberstalking was reported near Shivamogga South PS. Investigation initiated under 100090037202500003."
289,100020008202600002,202600002,2026-04-18,63,8,1,2,8,26,1,3,2026-04-15 22:31:30,2026-04-18 05:31:30,2026-04-16 14:31:30,13.238672,77.824915,"On 15-Apr-2026, a case of rioting was reported near Bengaluru Rural PS. Investigation initiated under 100020008202600002."
290,100030009202600001,202600001,2026-01-09,1,9,1,2,8,26,1,5,2026-01-08 17:47:34,2026-01-09 16:47:34,2026-01-08 22:47:34,13.418649,77.943931,"On 08-Jan-2026, a case of rioting was reported near Mysuru North PS. Investigation initiated under 100030009202600001."
291,100090034202400003,202400003,2024-06-06,61,34,1,2,7,24,2,4,2024-06-05 04:29:22,2024-06-06 16:29:22,2024-06-06 04:29:22,14.358734,78.51145,"On 05-Jun-2024, a case of criminal breach of trust was reported near Shivamogga Cyber Crime PS. Investigation initiated under 100090034202400003."
292,100080033202500001,202500001,2025-01-14,67,33,2,2,4,16,2,6,2025-01-12 18:49:38,2025-01-14 20:49:38,2025-01-13 17:49:38,14.169048,78.375776,"On 12-Jan-2025, a case of child labour was reported near Tumakuru West PS. Investigation initiated under 100080033202500001."
293,100060024202400002,202400002,2024-04-30,35,24,1,2,1,3,1,1,2024-04-28 13:21:13,2024-04-30 13:21:13,2024-04-28 22:21:13,13.871879,78.145899,"On 28-Apr-2024, a case of grievous hurt was reported near Dakshina Traffic PS. Investigation initiated under 100060024202400002."
294,100020006202500004,202500004,2025-05-25,110,6,1,2,2,5,2,4,2025-05-24 17:52:29,2025-05-25 01:52:29,2025-05-25 04:52:29,13.231348,77.799008,"On 24-May-2025, a case of theft was reported near Bengaluru Rural PS. Investigation initiated under 100020006202500004."
295,100020008202500003,202500003,2025-06-25,12,8,1,2,2,9,7,3,2025-06-25 02:46:58,2025-06-25 14:46:58,2025-06-25 06:46:58,13.313401,77.76285,"On 25-Jun-2025, a case of criminal trespass was reported near Bengaluru Rural PS. Investigation initiated under 100020008202500003."
296,100050019202500003,202500003,2025-11-22,67,19,1,2,8,27,1,8,2025-11-20 03:16:37,2025-11-22 01:16:37,2025-11-20 22:16:37,13.707961,78.121837,"On 20-Nov-2025, a case of unlawful assembly was reported near Ballari North PS. Investigation initiated under 100050019202500003."
297,100100041202400003,202400003,2024-01-21,117,41,1,1,1,2,2,6,2024-01-19 22:54:38,2024-01-21 17:54:38,2024-01-20 09:54:38,14.486388,78.554621,"On 19-Jan-2024, a case of attempt to murder was reported near Hubballi-Dharwad CEN Crime PS. Investigation initiated under 100100041202400003."
298,100090034202500003,202500003,2025-08-25,103,34,1,2,3,11,3,6,2025-08-24 23:14:25,2025-08-25 06:14:25,2025-08-25 02:14:25,14.302527,78.521182,"On 24-Aug-2025, a case of molestation was reported near Shivamogga Cyber Crime PS. Investigation initiated under 100090034202500003."
299,100070030202500002,202500002,2025-04-01,105,30,1,1,2,8,1,7,2025-03-31 20:14:42,2025-04-01 14:14:42,2025-04-01 09:14:42,14.048926,78.334402,"On 31-Mar-2025, a case of dacoity was reported near Kalaburagi Rural PS. Investigation initiated under 100070030202500002."
300,100060026202500006,202500006,2025-03-22,52,26,1,1,2,8,5,1,2025-03-20 22:39:00,2025-03-22 19:39:00,2025-03-21 20:39:00,13.894867,78.210187,"On 20-Mar-2025, a case of dacoity was reported near Dakshina West PS. Investigation initiated under 100060026202500006."
301,100020008202400002,202400002,2024-05-18,91,8,2,2,7,25,4,10,2024-05-17 21:35:19,2024-05-18 08:35:19,2024-05-18 02:35:19,13.222296,77.83942,"On 17-May-2024, a case of forgery was reported near Bengaluru Rural PS. Investigation initiated under 100020008202400002."
302,100060023202400002,202400002,2024-08-07,64,23,1,2,7,23,1,7,2024-08-04 08:01:02,2024-08-07 05:01:02,2024-08-04 12:01:02,13.834205,78.159064,"On 04-Aug-2024, a case of cheating was reported near Dakshina Town PS. Investigation initiated under 100060023202400002."
303,100020008202400003,202400003,2024-07-07,74,8,2,2,5,19,3,8,2024-07-04 15:30:11,2024-07-07 13:30:11,2024-07-04 23:30:11,13.291026,77.749483,"On 04-Jul-2024, a case of cyberstalking was reported near Bengaluru Rural PS. Investigation initiated under 100020008202400003."
304,100100039202400001,202400001,2024-10-16,44,39,2,2,7,25,2,6,2024-10-13 17:34:33,2024-10-16 15:34:33,2024-10-14 06:34:33,14.46916,78.600366,"On 13-Oct-2024, a case of forgery was reported near Hubballi-Dharwad North PS. Investigation initiated under 100100039202400001."
305,100030009202600002,202600002,2026-02-10,21,9,1,2,2,5,2,7,2026-02-09 12:16:25,2026-02-10 16:16:25,2026-02-09 16:16:25,13.428675,77.862462,"On 09-Feb-2026, a case of theft was reported near Mysuru North PS. Investigation initiated under 100030009202600002."
306,100010002202600002,202600002,2026-03-20,73,2,1,2,3,10,2,8,2026-03-18 06:30:08,2026-03-20 11:30:08,2026-03-18 07:30:08,13.104102,77.669594,"On 18-Mar-2026, a case of dowry harassment was reported near Bengaluru Town PS. Investigation initiated under 100010002202600002."
307,100040016202500001,202500001,2025-07-11,9,16,2,2,8,26,5,1,2025-07-09 21:37:07,2025-07-11 16:37:07,2025-07-10 03:37:07,13.546086,78.016805,"On 09-Jul-2025, a case of rioting was reported near Belagavi Town PS. Investigation initiated under 100040016202500001."
308,100080033202500004,202500004,2025-02-04,75,33,1,2,8,27,4,2,2025-02-04 06:57:18,2025-02-04 20:57:18,2025-02-04 11:57:18,14.206307,78.420394,"On 04-Feb-2025, a case of unlawful assembly was reported near Tumakuru West PS. Investigation initiated under 100080033202500004."
309,100050020202500004,202500004,2025-07-13,33,20,1,2,8,27,1,4,2025-07-12 11:16:59,2025-07-13 04:16:59,2025-07-12 16:16:59,13.732345,78.130515,"On 12-Jul-2025, a case of unlawful assembly was reported near Ballari Central PS. Investigation initiated under 100050020202500004."
310,100030010202500003,202500003,2025-09-22,108,10,1,1,2,6,2,9,2025-09-20 09:18:39,2025-09-22 20:18:39,2025-09-21 04:18:39,13.46287,77.93523,"On 20-Sep-2025, a case of robbery was reported near Mysuru Town PS. Investigation initiated under 100030010202500003."
311,100100042202500001,202500001,2025-05-30,36,42,3,2,4,16,4,2,2025-05-29 18:28:46,2025-05-30 17:28:46,2025-05-29 20:28:46,14.519538,78.571176,"On 29-May-2025, a case of child labour was reported near Hubballi-Dharwad East PS. Investigation initiated under 100100042202500001."
312,100070029202500001,202500001,2025-03-29,35,29,2,2,4,16,5,8,2025-03-27 09:04:23,2025-03-29 20:04:23,2025-03-27 10:04:23,13.996775,78.285317,"On 27-Mar-2025, a case of child labour was reported near Kalaburagi West PS. Investigation initiated under 100070029202500001."
313,100040014202400006,202400006,2024-03-13,27,14,1,2,5,19,4,10,2024-03-10 21:00:53,2024-03-13 10:00:53,2024-03-11 01:00:53,13.590075,78.037355,"On 10-Mar-2024, a case of cyberstalking was reported near Belagavi CEN Crime PS. Investigation initiated under 100040014202400006."
314,100060023202500003,202500003,2025-07-11,33,23,1,2,3,13,4,5,2025-07-11 04:31:57,2025-07-11 07:31:57,2025-07-12 03:31:57,13.841821,78.210805,"On 11-Jul-2025, a case of stalking was reported near Dakshina Town PS. Investigation initiated under 100060023202500003."
315,100050018202400001,202400001,2024-10-21,37,18,4,2,7,23,1,2,2024-10-19 13:55:28,2024-10-21 09:55:28,2024-10-19 22:55:28,13.72539,78.088412,"On 19-Oct-2024, a case of cheating was reported near Ballari CEN Crime PS. Investigation initiated under 100050018202400001."
316,100050017202400003,202400003,2024-08-24,7,17,1,1,1,2,1,9,2024-08-22 14:26:20,2024-08-24 19:26:20,2024-08-23 04:26:20,13.711231,78.093236,"On 22-Aug-2024, a case of attempt to murder was reported near Ballari Central PS. Investigation initiated under 100050017202400003."
317,100100040202500002,202500002,2025-12-30,95,40,1,1,4,14,4,3,2025-12-27 20:51:52,2025-12-30 04:51:52,2025-12-28 05:51:52,14.468172,78.633536,"On 27-Dec-2025, a case of pocso offences was reported near Hubballi-Dharwad Rural PS. Investigation initiated under 100100040202500002."
318,100090037202400004,202400004,2024-01-11,6,37,1,2,3,11,1,3,2024-01-10 18:16:28,2024-01-11 07:16:28,2024-01-10 19:16:28,14.324942,78.539049,"On 10-Jan-2024, a case of molestation was reported near Shivamogga South PS. Investigation initiated under 100090037202400004."
319,100040014202500004,202500004,2025-10-22,23,14,1,2,8,27,2,9,2025-10-21 12:35:37,2025-10-22 15:35:37,2025-10-22 01:35:37,13.580622,77.957065,"On 21-Oct-2025, a case of unlawful assembly was reported near Belagavi CEN Crime PS. Investigation initiated under 100040014202500004."
320,100100042202500002,202500002,2025-12-30,19,42,2,2,8,26,7,4,2025-12-28 16:13:45,2025-12-30 04:13:45,2025-12-29 16:13:45,14.486336,78.576927,"On 28-Dec-2025, a case of rioting was reported near Hubballi-Dharwad East PS. Investigation initiated under 100100042202500002."
321,100040014202500005,202500005,2025-01-12,5,14,1,2,6,22,3,3,2025-01-12 06:46:37,2025-01-12 10:46:37,2025-01-12 07:46:37,13.554758,78.033482,"On 12-Jan-2025, a case of ndps - trafficking was reported near Belagavi CEN Crime PS. Investigation initiated under 100040014202500005."
322,100090035202600002,202600002,2026-04-12,19,35,1,1,2,8,2,4,2026-04-11 21:29:20,2026-04-12 23:29:20,2026-04-12 02:29:20,14.293531,78.457581,"On 11-Apr-2026, a case of dacoity was reported near Shivamogga East PS. Investigation initiated under 100090035202600002."
323,100030010202500004,202500004,2025-12-02,107,10,1,2,1,4,3,4,2025-12-01 16:24:31,2025-12-02 18:24:31,2025-12-01 22:24:31,13.373032,77.908063,"On 01-Dec-2025, a case of assault was reported near Mysuru Town PS. Investigation initiated under 100030010202500004."
324,100080032202400001,202400001,2024-04-04,55,32,2,2,8,26,3,1,2024-04-02 04:42:53,2024-04-04 00:42:53,2024-04-02 21:42:53,14.147886,78.422795,"On 02-Apr-2024, a case of rioting was reported near Tumakuru Rural PS. Investigation initiated under 100080032202400001."
325,100090035202600003,202600003,2026-05-23,22,35,1,2,4,16,7,10,2026-05-21 03:13:40,2026-05-23 23:13:40,2026-05-21 09:13:40,14.309047,78.454614,"On 21-May-2026, a case of child labour was reported near Shivamogga East PS. Investigation initiated under 100090035202600003."
326,100030011202400002,202400002,2024-03-05,18,11,1,2,7,25,1,7,2024-03-04 02:21:50,2024-03-05 23:21:50,2024-03-04 05:21:50,13.394231,77.939505,"On 04-Mar-2024, a case of forgery was reported near Mysuru Town PS. Investigation initiated under 100030011202400002."
327,100050017202500003,202500003,2025-07-16,94,17,1,2,8,27,2,10,2025-07-13 10:54:36,2025-07-16 01:54:36,2025-07-13 20:54:36,13.694063,78.054905,"On 13-Jul-2025, a case of unlawful assembly was reported near Ballari Central PS. Investigation initiated under 100050017202500003."
328,100060025202400002,202400002,2024-01-28,31,25,1,2,2,9,5,6,2024-01-28 01:25:16,2024-01-28 14:25:16,2024-01-28 20:25:16,13.831091,78.241273,"On 28-Jan-2024, a case of criminal trespass was reported near Dakshina North PS. Investigation initiated under 100060025202400002."
329,100060023202500004,202500004,2025-04-08,34,23,1,2,4,15,2,3,2025-04-07 23:00:08,2025-04-08 06:00:08,2025-04-08 10:00:08,13.86742,78.243698,"On 07-Apr-2025, a case of child trafficking was reported near Dakshina Town PS. Investigation initiated under 100060023202500004."
330,100080032202400004,202400004,2024-11-06,40,32,1,2,8,27,4,9,2024-11-05 19:33:05,2024-11-06 17:33:05,2024-11-06 06:33:05,14.123193,78.363579,"On 05-Nov-2024, a case of unlawful assembly was reported near Tumakuru Rural PS. Investigation initiated under 100080032202400004."
331,100040015202400002,202400002,2024-03-23,3,15,1,2,4,15,3,10,2024-03-22 09:35:11,2024-03-23 13:35:11,2024-03-22 14:35:11,13.522842,77.968968,"On 22-Mar-2024, a case of child trafficking was reported near Belagavi Cyber Crime PS. Investigation initiated under 100040015202400002."
332,100080033202400002,202400002,2024-01-01,71,33,1,2,6,21,5,4,2023-12-31 12:27:30,2024-01-01 18:27:30,2024-01-01 12:27:30,14.156434,78.414814,"On 31-Dec-2023, a case of ndps - possession was reported near Tumakuru West PS. Investigation initiated under 100080033202400002."
333,100100038202500003,202500003,2025-10-02,79,38,1,1,1,1,4,2,2025-09-30 12:13:57,2025-10-02 10:13:57,2025-10-01 07:13:57,14.433568,78.642335,"On 30-Sep-2025, a case of murder was reported near Hubballi-Dharwad Rural PS. Investigation initiated under 100100038202500003."
334,100080031202500002,202500002,2025-05-12,64,31,1,2,6,21,1,2,2025-05-10 05:33:36,2025-05-12 03:33:36,2025-05-10 11:33:36,14.192326,78.432506,"On 10-May-2025, a case of ndps - possession was reported near Tumakuru North PS. Investigation initiated under 100080031202500002."
335,100090037202600003,202600003,2026-06-28,13,37,1,1,2,6,1,3,2026-06-26 00:19:04,2026-06-28 16:19:04,2026-06-26 06:19:04,14.325121,78.542177,"On 26-Jun-2026, a case of robbery was reported near Shivamogga South PS. Investigation initiated under 100090037202600003."
336,100020007202400005,202400005,2024-03-18,86,7,1,2,3,12,7,9,2024-03-15 06:06:48,2024-03-18 05:06:48,2024-03-15 19:06:48,13.300006,77.839001,"On 15-Mar-2024, a case of domestic violence was reported near Bengaluru CEN Crime PS. Investigation initiated under 100020007202400005."
337,100030013202500005,202500005,2025-01-21,72,13,1,2,7,24,2,8,2025-01-21 08:14:27,2025-01-21 19:14:27,2025-01-22 00:14:27,13.373983,77.855032,"On 21-Jan-2025, a case of criminal breach of trust was reported near Mysuru Central PS. Investigation initiated under 100030013202500005."
338,100090034202400002,202400002,2024-01-31,92,34,2,2,6,21,7,6,2024-01-30 23:24:48,2024-01-31 12:24:48,2024-01-31 14:24:48,14.366596,78.533836,"On 30-Jan-2024, a case of ndps - possession was reported near Shivamogga Cyber Crime PS. Investigation initiated under 100090034202400002."
339,100060024202400001,202400001,2024-05-09,55,24,3,2,7,23,1,10,2024-05-08 06:00:38,2024-05-09 14:00:38,2024-05-09 02:00:38,13.888453,78.232794,"On 08-May-2024, a case of cheating was reported near Dakshina Traffic PS. Investigation initiated under 100060024202400001."
340,100030011202500001,202500001,2025-05-02,88,11,3,2,8,26,1,7,2025-05-01 04:48:28,2025-05-02 22:48:28,2025-05-01 10:48:28,13.46595,77.87025,"On 01-May-2025, a case of rioting was reported near Mysuru Town PS. Investigation initiated under 100030011202500001."
341,100030013202600001,202600001,2026-01-07,23,13,2,2,6,21,2,6,2026-01-06 21:06:38,2026-01-07 17:06:38,2026-01-07 08:06:38,13.457549,77.86968,"On 06-Jan-2026, a case of ndps - possession was reported near Mysuru Central PS. Investigation initiated under 100030013202600001."
342,100010005202600002,202600002,2026-02-21,88,5,1,1,1,2,4,4,2026-02-19 14:48:15,2026-02-21 08:48:15,2026-02-20 02:48:15,13.075443,77.734752,"On 19-Feb-2026, a case of attempt to murder was reported near Bengaluru Central PS. Investigation initiated under 100010005202600002."
343,100040016202600001,202600001,2026-01-06,69,16,1,2,5,19,7,6,2026-01-04 07:01:01,2026-01-06 18:01:01,2026-01-04 23:01:01,13.613543,77.959914,"On 04-Jan-2026, a case of cyberstalking was reported near Belagavi Town PS. Investigation initiated under 100040016202600001."
344,100060023202400003,202400003,2024-08-05,60,23,1,2,7,24,6,6,2024-08-02 13:11:36,2024-08-05 00:11:36,2024-08-03 13:11:36,13.866831,78.239837,"On 02-Aug-2024, a case of criminal breach of trust was reported near Dakshina Town PS. Investigation initiated under 100060023202400003."
345,100040014202500006,202500006,2025-04-28,26,14,1,2,3,12,7,3,2025-04-27 22:19:02,2025-04-28 18:19:02,2025-04-28 19:19:02,13.561788,78.022786,"On 27-Apr-2025, a case of domestic violence was reported near Belagavi CEN Crime PS. Investigation initiated under 100040014202500006."
346,100090036202500002,202500002,2025-04-19,81,36,1,2,3,11,2,8,2025-04-16 07:42:59,2025-04-19 04:42:59,2025-04-17 03:42:59,14.312568,78.500766,"On 16-Apr-2025, a case of molestation was reported near Shivamogga Town PS. Investigation initiated under 100090036202500002."
347,100030009202500003,202500003,2025-07-18,101,9,1,2,7,23,1,2,2025-07-17 19:21:59,2025-07-18 21:21:59,2025-07-18 16:21:59,13.40367,77.915741,"On 17-Jul-2025, a case of cheating was reported near Mysuru North PS. Investigation initiated under 100030009202500003."
348,100060022202500002,202500002,2025-09-26,2,22,1,2,8,26,1,10,2025-09-26 05:28:00,2025-09-26 10:28:00,2025-09-26 10:28:00,13.908804,78.237255,"On 26-Sep-2025, a case of rioting was reported near Dakshina East PS. Investigation initiated under 100060022202500002."
349,100020008202600003,202600003,2026-05-21,31,8,1,2,3,10,1,2,2026-05-20 13:17:51,2026-05-21 12:17:51,2026-05-21 01:17:51,13.228096,77.801791,"On 20-May-2026, a case of dowry harassment was reported near Bengaluru Rural PS. Investigation initiated under 100020008202600003."
350,100100041202500003,202500003,2025-07-10,94,41,1,2,8,26,4,10,2025-07-07 22:17:15,2025-07-10 14:17:15,2025-07-08 18:17:15,14.492227,78.591521,"On 07-Jul-2025, a case of rioting was reported near Hubballi-Dharwad CEN Crime PS. Investigation initiated under 100100041202500003."
351,100070028202400003,202400003,2024-04-04,9,28,1,2,6,21,2,8,2024-04-02 19:44:54,2024-04-04 04:44:54,2024-04-03 05:44:54,14.04703,78.251065,"On 02-Apr-2024, a case of ndps - possession was reported near Kalaburagi Central PS. Investigation initiated under 100070028202400003."
352,100070030202400002,202400002,2024-07-24,112,30,1,2,3,13,2,3,2024-07-24 19:20:08,2024-07-24 23:20:08,2024-07-25 00:20:08,14.050427,78.282746,"On 24-Jul-2024, a case of stalking was reported near Kalaburagi Rural PS. Investigation initiated under 100070030202400002."
353,100100039202500001,202500001,2025-08-25,81,39,1,2,4,16,7,3,2025-08-24 10:08:51,2025-08-25 14:08:51,2025-08-25 00:08:51,14.470651,78.640286,"On 24-Aug-2025, a case of child labour was reported near Hubballi-Dharwad North PS. Investigation initiated under 100100039202500001."
354,100030009202400001,202400001,2024-02-27,3,9,4,2,4,16,2,6,2024-02-26 03:46:57,2024-02-27 10:46:57,2024-02-26 11:46:57,13.420459,77.891575,"On 26-Feb-2024, a case of child labour was reported near Mysuru North PS. Investigation initiated under 100030009202400001."
355,100050021202400003,202400003,2024-02-03,8,21,1,2,6,21,5,4,2024-02-02 14:10:42,2024-02-03 15:10:42,2024-02-03 10:10:42,13.732108,78.074162,"On 02-Feb-2024, a case of ndps - possession was reported near Ballari South PS. Investigation initiated under 100050021202400003."
356,100030011202500004,202500004,2025-07-30,37,11,1,2,6,21,7,3,2025-07-28 12:41:38,2025-07-30 23:41:38,2025-07-28 21:41:38,13.391378,77.905254,"On 28-Jul-2025, a case of ndps - possession was reported near Mysuru Town PS. Investigation initiated under 100030011202500004."
357,100090037202400005,202400005,2024-11-03,92,37,1,1,1,2,2,4,2024-11-03 06:45:57,2024-11-03 15:45:57,2024-11-03 11:45:57,14.286757,78.496878,"On 03-Nov-2024, a case of attempt to murder was reported near Shivamogga South PS. Investigation initiated under 100090037202400005."
358,100020008202400004,202400004,2024-02-27,29,8,2,2,5,18,1,8,2024-02-24 15:48:02,2024-02-27 15:48:02,2024-02-24 16:48:02,13.226848,77.828889,"On 24-Feb-2024, a case of hacking was reported near Bengaluru Rural PS. Investigation initiated under 100020008202400004."
359,100010001202400001,202400001,2024-06-12,78,1,3,2,5,19,2,5,2024-06-09 20:59:18,2024-06-12 14:59:18,2024-06-10 09:59:18,13.087586,77.664759,"On 09-Jun-2024, a case of cyberstalking was reported near Bengaluru Rural PS. Investigation initiated under 100010001202400001."
360,100060022202400002,202400002,2024-05-10,62,22,1,2,7,25,1,9,2024-05-08 08:54:25,2024-05-10 11:54:25,2024-05-09 04:54:25,13.896986,78.236682,"On 08-May-2024, a case of forgery was reported near Dakshina East PS. Investigation initiated under 100060022202400002."
361,100050020202400001,202400001,2024-04-17,93,20,1,2,8,26,1,4,2024-04-17 00:00:40,2024-04-17 04:00:40,2024-04-17 16:00:40,13.689058,78.055859,"On 17-Apr-2024, a case of rioting was reported near Ballari Central PS. Investigation initiated under 100050020202400001."
362,100010003202500002,202500002,2025-09-03,112,3,1,2,5,19,4,4,2025-09-02 02:04:55,2025-09-03 04:04:55,2025-09-02 11:04:55,13.074041,77.671796,"On 02-Sep-2025, a case of cyberstalking was reported near Bengaluru East PS. Investigation initiated under 100010003202500002."
363,100030010202500001,202500001,2025-06-24,43,10,2,2,8,27,2,6,2025-06-22 05:09:48,2025-06-24 13:09:48,2025-06-22 08:09:48,13.431815,77.933077,"On 22-Jun-2025, a case of unlawful assembly was reported near Mysuru Town PS. Investigation initiated under 100030010202500001."
364,100060026202500007,202500007,2025-03-05,107,26,1,2,6,22,3,4,2025-03-04 23:02:05,2025-03-05 13:02:05,2025-03-05 07:02:05,13.885647,78.189965,"On 04-Mar-2025, a case of ndps - trafficking was reported near Dakshina West PS. Investigation initiated under 100060026202500007."
365,100010005202500001,202500001,2025-07-30,39,5,1,2,8,26,2,6,2025-07-28 11:40:41,2025-07-30 09:40:41,2025-07-29 09:40:41,13.1119,77.714382,"On 28-Jul-2025, a case of rioting was reported near Bengaluru Central PS. Investigation initiated under 100010005202500001."
366,100080032202400002,202400002,2024-06-05,81,32,2,1,2,8,1,2,2024-06-04 15:15:15,2024-06-05 03:15:15,2024-06-04 18:15:15,14.146139,78.427663,"On 04-Jun-2024, a case of dacoity was reported near Tumakuru Rural PS. Investigation initiated under 100080032202400002."
367,100090034202400004,202400004,2024-10-25,88,34,1,2,8,27,6,3,2024-10-25 05:51:13,2024-10-25 11:51:13,2024-10-25 15:51:13,14.331712,78.487273,"On 25-Oct-2024, a case of unlawful assembly was reported near Shivamogga Cyber Crime PS. Investigation initiated under 100090034202400004."
368,100090035202400004,202400004,2024-11-22,34,35,1,2,8,26,1,6,2024-11-19 20:47:00,2024-11-22 20:47:00,2024-11-20 19:47:00,14.313826,78.451118,"On 19-Nov-2024, a case of rioting was reported near Shivamogga East PS. Investigation initiated under 100090035202400004."
369,100060026202400003,202400003,2024-06-17,104,26,1,1,1,1,1,3,2024-06-16 05:05:32,2024-06-17 16:05:32,2024-06-17 00:05:32,13.874652,78.174934,"On 16-Jun-2024, a case of murder was reported near Dakshina West PS. Investigation initiated under 100060026202400003."
370,100010005202500002,202500002,2025-11-17,97,5,1,2,4,16,4,7,2025-11-15 16:12:46,2025-11-17 15:12:46,2025-11-16 00:12:46,13.154398,77.685239,"On 15-Nov-2025, a case of child labour was reported near Bengaluru Central PS. Investigation initiated under 100010005202500002."
371,100090036202500003,202500003,2025-08-14,118,36,1,2,3,10,2,6,2025-08-12 00:12:11,2025-08-14 03:12:11,2025-08-12 09:12:11,14.318051,78.525281,"On 12-Aug-2025, a case of dowry harassment was reported near Shivamogga Town PS. Investigation initiated under 100090036202500003."
372,100090037202400006,202400006,2024-09-09,55,37,1,2,5,18,5,4,2024-09-06 23:09:25,2024-09-09 18:09:25,2024-09-07 21:09:25,14.312754,78.470991,"On 06-Sep-2024, a case of hacking was reported near Shivamogga South PS. Investigation initiated under 100090037202400006."
373,100080032202500001,202500001,2025-04-25,10,32,1,2,7,24,4,5,2025-04-22 21:01:43,2025-04-25 08:01:43,2025-04-23 15:01:43,14.15574,78.370073,"On 22-Apr-2025, a case of criminal breach of trust was reported near Tumakuru Rural PS. Investigation initiated under 100080032202500001."
374,100010003202400001,202400001,2024-04-12,88,3,2,2,5,17,2,7,2024-04-10 16:59:38,2024-04-12 03:59:38,2024-04-10 21:59:38,13.149987,77.737175,"On 10-Apr-2024, a case of online financial fraud was reported near Bengaluru East PS. Investigation initiated under 100010003202400001."
375,100050018202500001,202500001,2025-08-21,115,18,2,2,2,5,1,3,2025-08-18 20:17:09,2025-08-21 01:17:09,2025-08-19 04:17:09,13.695802,78.105561,"On 18-Aug-2025, a case of theft was reported near Ballari CEN Crime PS. Investigation initiated under 100050018202500001."
376,100060025202600001,202600001,2026-02-04,116,25,1,2,7,23,1,4,2026-02-02 13:17:30,2026-02-04 11:17:30,2026-02-03 02:17:30,13.849014,78.216093,"On 02-Feb-2026, a case of cheating was reported near Dakshina North PS. Investigation initiated under 100060025202600001."
377,100100039202600003,202600003,2026-04-19,118,39,1,1,4,14,7,3,2026-04-17 11:27:31,2026-04-19 10:27:31,2026-04-17 13:27:31,14.497671,78.553597,"On 17-Apr-2026, a case of pocso offences was reported near Hubballi-Dharwad North PS. Investigation initiated under 100100039202600003."
378,100070028202400001,202400001,2024-05-07,13,28,3,1,4,14,5,5,2024-05-06 01:41:49,2024-05-07 03:41:49,2024-05-06 21:41:49,14.042853,78.251338,"On 06-May-2024, a case of pocso offences was reported near Kalaburagi Central PS. Investigation initiated under 100070028202400001."
379,100100039202400002,202400002,2024-07-21,82,39,2,2,5,20,1,10,2024-07-20 15:17:05,2024-07-21 14:17:05,2024-07-21 14:17:05,14.432588,78.569421,"On 20-Jul-2024, a case of identity theft was reported near Hubballi-Dharwad North PS. Investigation initiated under 100100039202400002."
380,100070027202600002,202600002,2026-06-10,100,27,1,2,5,19,1,3,2026-06-07 21:02:13,2026-06-10 12:02:13,2026-06-08 04:02:13,14.046631,78.266157,"On 07-Jun-2026, a case of cyberstalking was reported near Kalaburagi Traffic PS. Investigation initiated under 100070027202600002."
381,100060025202600001,202600001,2026-06-20,112,25,3,2,7,23,2,8,2026-06-18 11:42:52,2026-06-20 09:42:52,2026-06-19 04:42:52,13.876761,78.148652,"On 18-Jun-2026, a case of cheating was reported near Dakshina North PS. Investigation initiated under 100060025202600001."
382,100070028202500001,202500001,2025-08-05,94,28,2,1,1,1,7,5,2025-08-04 18:11:08,2025-08-05 14:11:08,2025-08-05 07:11:08,14.004615,78.316027,"On 04-Aug-2025, a case of murder was reported near Kalaburagi Central PS. Investigation initiated under 100070028202500001."
383,100030011202500002,202500002,2025-05-20,109,11,3,2,8,26,1,8,2025-05-17 16:02:21,2025-05-20 03:02:21,2025-05-18 03:02:21,13.43328,77.942546,"On 17-May-2025, a case of rioting was reported near Mysuru Town PS. Investigation initiated under 100030011202500002."
384,100090035202500002,202500002,2025-03-25,62,35,1,2,7,25,2,2,2025-03-23 20:52:59,2025-03-25 15:52:59,2025-03-24 06:52:59,14.279713,78.460845,"On 23-Mar-2025, a case of forgery was reported near Shivamogga East PS. Investigation initiated under 100090035202500002."
385,100100040202500001,202500001,2025-10-30,95,40,2,2,6,21,2,1,2025-10-28 09:58:07,2025-10-30 10:58:07,2025-10-28 12:58:07,14.431666,78.552831,"On 28-Oct-2025, a case of ndps - possession was reported near Hubballi-Dharwad Rural PS. Investigation initiated under 100100040202500001."
386,100060026202500001,202500001,2025-04-28,79,26,2,2,8,26,1,5,2025-04-26 10:09:16,2025-04-28 00:09:16,2025-04-27 06:09:16,13.905285,78.151768,"On 26-Apr-2025, a case of rioting was reported near Dakshina West PS. Investigation initiated under 100060026202500001."
387,100020006202400003,202400003,2024-11-06,99,6,1,1,2,6,1,6,2024-11-03 22:46:22,2024-11-06 08:46:22,2024-11-04 03:46:22,13.236533,77.751944,"On 03-Nov-2024, a case of robbery was reported near Bengaluru Rural PS. Investigation initiated under 100020006202400003."
388,100070029202600001,202600001,2026-01-16,33,29,1,2,6,22,3,7,2026-01-15 18:52:25,2026-01-16 18:52:25,2026-01-15 19:52:25,14.058517,78.261018,"On 15-Jan-2026, a case of ndps - trafficking was reported near Kalaburagi West PS. Investigation initiated under 100070029202600001."
389,100080033202500005,202500005,2025-09-19,76,33,1,2,3,12,3,10,2025-09-16 18:58:34,2025-09-19 11:58:34,2025-09-17 03:58:34,14.174687,78.433559,"On 16-Sep-2025, a case of domestic violence was reported near Tumakuru West PS. Investigation initiated under 100080033202500005."
390,100070029202500003,202500003,2025-12-24,6,29,1,1,1,2,3,4,2025-12-22 21:23:30,2025-12-24 06:23:30,2025-12-23 10:23:30,13.998137,78.297674,"On 22-Dec-2025, a case of attempt to murder was reported near Kalaburagi West PS. Investigation initiated under 100070029202500003."
391,100060022202400003,202400003,2024-03-23,3,22,1,1,4,14,3,2,2024-03-23 07:58:39,2024-03-23 18:58:39,2024-03-23 18:58:39,13.886284,78.239258,"On 23-Mar-2024, a case of pocso offences was reported near Dakshina East PS. Investigation initiated under 100060022202400003."
392,100010001202600001,202600001,2026-04-22,107,1,4,2,2,7,7,9,2026-04-22 06:35:31,2026-04-22 21:35:31,2026-04-22 21:35:31,13.105353,77.694646,"On 22-Apr-2026, a case of burglary was reported near Bengaluru Rural PS. Investigation initiated under 100010001202600001."
393,100060025202500002,202500002,2025-04-18,62,25,2,2,7,23,5,10,2025-04-16 19:47:50,2025-04-18 23:47:50,2025-04-17 02:47:50,13.838352,78.206708,"On 16-Apr-2025, a case of cheating was reported near Dakshina North PS. Investigation initiated under 100060025202500002."
394,100100041202500004,202500004,2025-09-18,18,41,1,2,5,20,1,5,2025-09-18 00:04:30,2025-09-18 14:04:30,2025-09-18 02:04:30,14.515505,78.611082,"On 18-Sep-2025, a case of identity theft was reported near Hubballi-Dharwad CEN Crime PS. Investigation initiated under 100100041202500004."
395,100090036202600002,202600002,2026-02-20,13,36,2,2,2,9,7,7,2026-02-17 11:03:49,2026-02-20 09:03:49,2026-02-17 21:03:49,14.362232,78.51039,"On 17-Feb-2026, a case of criminal trespass was reported near Shivamogga Town PS. Investigation initiated under 100090036202600002."
396,100050017202400004,202400004,2024-12-27,14,17,1,1,4,14,1,1,2024-12-26 11:44:28,2024-12-27 11:44:28,2024-12-27 08:44:28,13.763416,78.11467,"On 26-Dec-2024, a case of pocso offences was reported near Ballari Central PS. Investigation initiated under 100050017202400004."
397,100020008202500004,202500004,2025-11-28,89,8,1,2,5,20,1,3,2025-11-27 21:18:53,2025-11-28 12:18:53,2025-11-28 10:18:53,13.280674,77.819279,"On 27-Nov-2025, a case of identity theft was reported near Bengaluru Rural PS. Investigation initiated under 100020008202500004."
398,100020007202500004,202500004,2025-04-11,85,7,1,2,8,26,1,9,2025-04-10 17:50:27,2025-04-11 09:50:27,2025-04-11 05:50:27,13.254111,77.785713,"On 10-Apr-2025, a case of rioting was reported near Bengaluru CEN Crime PS. Investigation initiated under 100020007202500004."
399,100100038202500004,202500004,2025-11-24,62,38,1,2,5,18,2,4,2025-11-22 18:37:57,2025-11-24 06:37:57,2025-11-23 10:37:57,14.517951,78.571564,"On 22-Nov-2025, a case of hacking was reported near Hubballi-Dharwad Rural PS. Investigation initiated under 100100038202500004."
400,100010001202400002,202400002,2024-06-10,25,1,1,2,1,3,4,3,2024-06-07 08:18:44,2024-06-10 07:18:44,2024-06-07 22:18:44,13.128395,77.644746,"On 07-Jun-2024, a case of grievous hurt was reported near Bengaluru Rural PS. Investigation initiated under 100010001202400002."
401,100030009202500004,202500004,2025-06-23,71,9,1,1,1,2,2,8,2025-06-20 03:47:44,2025-06-23 00:47:44,2025-06-21 03:47:44,13.37886,77.912696,"On 20-Jun-2025, a case of attempt to murder was reported near Mysuru North PS. Investigation initiated under 100030009202500004."
402,100080032202500001,202500001,2025-06-22,74,32,2,2,4,15,6,5,2025-06-21 23:03:47,2025-06-22 12:03:47,2025-06-22 02:03:47,14.17197,78.367533,"On 21-Jun-2025, a case of child trafficking was reported near Tumakuru Rural PS. Investigation initiated under 100080032202500001."
403,100040014202600001,202600001,2026-06-23,93,14,1,2,5,20,1,4,2026-06-21 05:42:12,2026-06-23 15:42:12,2026-06-21 13:42:12,13.583465,77.947749,"On 21-Jun-2026, a case of identity theft was reported near Belagavi CEN Crime PS. Investigation initiated under 100040014202600001."
404,100030010202600001,202600001,2026-03-03,114,10,1,2,7,23,3,9,2026-03-02 13:21:28,2026-03-03 11:21:28,2026-03-02 22:21:28,13.44297,77.915972,"On 02-Mar-2026, a case of cheating was reported near Mysuru Town PS. Investigation initiated under 100030010202600001."
405,100030009202500001,202500001,2025-09-26,75,9,3,2,4,16,4,3,2025-09-26 02:08:20,2025-09-26 17:08:20,2025-09-26 20:08:20,13.419532,77.935533,"On 26-Sep-2025, a case of child labour was reported near Mysuru North PS. Investigation initiated under 100030009202500001."
406,100090035202600004,202600004,2026-01-10,100,35,1,2,6,22,1,1,2026-01-08 13:10:28,2026-01-10 01:10:28,2026-01-09 00:10:28,14.274596,78.521148,"On 08-Jan-2026, a case of ndps - trafficking was reported near Shivamogga East PS. Investigation initiated under 100090035202600004."
407,100030010202400001,202400001,2024-07-14,21,10,4,2,6,22,3,2,2024-07-11 12:47:07,2024-07-14 05:47:07,2024-07-12 09:47:07,13.400586,77.873814,"On 11-Jul-2024, a case of ndps - trafficking was reported near Mysuru Town PS. Investigation initiated under 100030010202400001."
408,100040016202400003,202400003,2024-03-02,73,16,1,2,6,21,2,2,2024-02-28 13:24:03,2024-03-02 08:24:03,2024-02-28 22:24:03,13.574604,77.985118,"On 28-Feb-2024, a case of ndps - possession was reported near Belagavi Town PS. Investigation initiated under 100040016202400003."
409,100090034202500004,202500004,2025-08-25,68,34,1,2,2,5,1,2,2025-08-25 08:43:35,2025-08-25 15:43:35,2025-08-25 12:43:35,14.358125,78.469882,"On 25-Aug-2025, a case of theft was reported near Shivamogga Cyber Crime PS. Investigation initiated under 100090034202500004."
410,100100042202400003,202400003,2024-05-14,17,42,1,2,5,20,1,6,2024-05-14 14:48:49,2024-05-14 17:48:49,2024-05-14 22:48:49,14.509545,78.620248,"On 14-May-2024, a case of identity theft was reported near Hubballi-Dharwad East PS. Investigation initiated under 100100042202400003."
411,100050018202400001,202400001,2024-01-26,23,18,3,1,1,2,4,5,2024-01-24 06:23:20,2024-01-26 06:23:20,2024-01-24 14:23:20,13.727209,78.094697,"On 24-Jan-2024, a case of attempt to murder was reported near Ballari CEN Crime PS. Investigation initiated under 100050018202400001."
412,100020006202500005,202500005,2025-12-21,113,6,1,2,4,15,1,7,2025-12-19 00:17:36,2025-12-21 04:17:36,2025-12-19 21:17:36,13.253902,77.767172,"On 19-Dec-2025, a case of child trafficking was reported near Bengaluru Rural PS. Investigation initiated under 100020006202500005."
413,100100039202600004,202600004,2026-03-17,18,39,1,2,7,23,6,1,2026-03-16 13:21:20,2026-03-17 17:21:20,2026-03-17 02:21:20,14.45839,78.623808,"On 16-Mar-2026, a case of cheating was reported near Hubballi-Dharwad North PS. Investigation initiated under 100100039202600004."
414,100080033202600002,202600002,2026-06-03,5,33,1,2,4,15,1,5,2026-06-01 17:41:06,2026-06-03 13:41:06,2026-06-02 07:41:06,14.129274,78.370115,"On 01-Jun-2026, a case of child trafficking was reported near Tumakuru West PS. Investigation initiated under 100080033202600002."
415,100010002202500003,202500003,2025-09-21,33,2,1,2,8,26,1,6,2025-09-20 17:39:27,2025-09-21 21:39:27,2025-09-20 21:39:27,13.166879,77.721359,"On 20-Sep-2025, a case of rioting was reported near Bengaluru Town PS. Investigation initiated under 100010002202500003."
416,100090036202400003,202400003,2024-09-28,7,36,1,2,3,13,1,2,2024-09-26 23:59:32,2024-09-28 05:59:32,2024-09-27 20:59:32,14.30903,78.516986,"On 26-Sep-2024, a case of stalking was reported near Shivamogga Town PS. Investigation initiated under 100090036202400003."
417,100100038202500005,202500005,2025-11-25,40,38,1,1,4,14,1,10,2025-11-25 08:07:06,2025-11-25 22:07:06,2025-11-25 18:07:06,14.423727,78.594644,"On 25-Nov-2025, a case of pocso offences was reported near Hubballi-Dharwad Rural PS. Investigation initiated under 100100038202500005."
418,100010002202400002,202400002,2024-04-11,85,2,1,2,3,11,1,10,2024-04-09 19:48:27,2024-04-11 01:48:27,2024-04-10 12:48:27,13.132273,77.677178,"On 09-Apr-2024, a case of molestation was reported near Bengaluru Town PS. Investigation initiated under 100010002202400002."
419,100060023202400004,202400004,2024-06-07,53,23,1,2,3,13,3,2,2024-06-06 17:06:32,2024-06-07 05:06:32,2024-06-07 11:06:32,13.859843,78.18243,"On 06-Jun-2024, a case of stalking was reported near Dakshina Town PS. Investigation initiated under 100060023202400004."
420,100080033202400003,202400003,2024-06-29,65,33,1,2,7,24,1,4,2024-06-29 11:39:02,2024-06-29 19:39:02,2024-06-29 15:39:02,14.204971,78.420925,"On 29-Jun-2024, a case of criminal breach of trust was reported near Tumakuru West PS. Investigation initiated under 100080033202400003."
421,100050021202600003,202600003,2026-05-13,83,21,1,2,7,23,6,7,2026-05-11 02:15:57,2026-05-13 21:15:57,2026-05-11 09:15:57,13.758784,78.139542,"On 11-May-2026, a case of cheating was reported near Ballari South PS. Investigation initiated under 100050021202600003."
422,100030011202600002,202600002,2026-06-26,25,11,1,2,2,7,1,4,2026-06-23 19:06:02,2026-06-26 15:06:02,2026-06-24 17:06:02,13.424954,77.851316,"On 23-Jun-2026, a case of burglary was reported near Mysuru Town PS. Investigation initiated under 100030011202600002."
423,100060025202400003,202400003,2024-01-10,45,25,1,2,7,23,5,7,2024-01-08 16:53:22,2024-01-10 09:53:22,2024-01-08 21:53:22,13.868373,78.199211,"On 08-Jan-2024, a case of cheating was reported near Dakshina North PS. Investigation initiated under 100060025202400003."
424,100020007202600001,202600001,2026-06-28,10,7,1,1,2,6,7,1,2026-06-25 08:37:58,2026-06-28 00:37:58,2026-06-26 06:37:58,13.272939,77.836117,"On 25-Jun-2026, a case of robbery was reported near Bengaluru CEN Crime PS. Investigation initiated under 100020007202600001."
425,100100038202600002,202600002,2026-06-11,111,38,1,2,7,24,3,8,2026-06-10 17:46:16,2026-06-11 09:46:16,2026-06-11 08:46:16,14.469432,78.550709,"On 10-Jun-2026, a case of criminal breach of trust was reported near Hubballi-Dharwad Rural PS. Investigation initiated under 100100038202600002."
426,100060024202500002,202500002,2025-02-01,67,24,1,2,6,22,7,3,2025-01-31 00:15:04,2025-02-01 10:15:04,2025-01-31 13:15:04,13.878543,78.217849,"On 31-Jan-2025, a case of ndps - trafficking was reported near Dakshina Traffic PS. Investigation initiated under 100060024202500002."
427,100050020202400002,202400002,2024-11-21,59,20,3,2,6,21,3,1,2024-11-19 14:30:44,2024-11-21 03:30:44,2024-11-20 02:30:44,13.716786,78.099169,"On 19-Nov-2024, a case of ndps - possession was reported near Ballari Central PS. Investigation initiated under 100050020202400002."
428,100100040202600001,202600001,2026-03-02,64,40,1,2,7,25,2,1,2026-03-01 22:34:22,2026-03-02 18:34:22,2026-03-02 03:34:22,14.453612,78.60228,"On 01-Mar-2026, a case of forgery was reported near Hubballi-Dharwad Rural PS. Investigation initiated under 100100040202600001."
429,100100040202400007,202400007,2024-01-27,51,40,1,2,4,16,7,4,2024-01-24 11:00:18,2024-01-27 08:00:18,2024-01-25 11:00:18,14.479205,78.571525,"On 24-Jan-2024, a case of child labour was reported near Hubballi-Dharwad Rural PS. Investigation initiated under 100100040202400007."
430,100080033202400004,202400004,2024-12-29,109,33,1,2,7,24,2,9,2024-12-27 03:12:53,2024-12-29 18:12:53,2024-12-27 20:12:53,14.147885,78.383228,"On 27-Dec-2024, a case of criminal breach of trust was reported near Tumakuru West PS. Investigation initiated under 100080033202400004."
431,100100039202400003,202400003,2024-09-16,12,39,1,1,1,2,2,6,2024-09-15 01:40:36,2024-09-16 20:40:36,2024-09-15 20:40:36,14.445202,78.623945,"On 15-Sep-2024, a case of attempt to murder was reported near Hubballi-Dharwad North PS. Investigation initiated under 100100039202400003."
432,100010003202600001,202600001,2026-04-04,5,3,1,2,5,18,3,6,2026-04-03 14:56:08,2026-04-04 04:56:08,2026-04-04 00:56:08,13.166639,77.723845,"On 03-Apr-2026, a case of hacking was reported near Bengaluru East PS. Investigation initiated under 100010003202600001."
433,100030011202400003,202400003,2024-03-23,55,11,1,2,6,22,7,6,2024-03-21 18:47:12,2024-03-23 06:47:12,2024-03-22 12:47:12,13.434817,77.917889,"On 21-Mar-2024, a case of ndps - trafficking was reported near Mysuru Town PS. Investigation initiated under 100030011202400003."
434,100040015202400003,202400003,2024-02-06,1,15,1,1,4,14,3,6,2024-02-06 06:06:32,2024-02-06 21:06:32,2024-02-06 17:06:32,13.608449,77.951524,"On 06-Feb-2024, a case of pocso offences was reported near Belagavi Cyber Crime PS. Investigation initiated under 100040015202400003."
435,100010005202400003,202400003,2024-04-08,113,5,1,2,3,10,4,1,2024-04-07 02:51:10,2024-04-08 03:51:10,2024-04-07 05:51:10,13.08423,77.705258,"On 07-Apr-2024, a case of dowry harassment was reported near Bengaluru Central PS. Investigation initiated under 100010005202400003."
436,100050018202500003,202500003,2025-11-21,105,18,1,2,7,23,6,8,2025-11-21 11:58:12,2025-11-21 16:58:12,2025-11-21 22:58:12,13.685845,78.053623,"On 21-Nov-2025, a case of cheating was reported near Ballari CEN Crime PS. Investigation initiated under 100050018202500003."
437,100030012202500001,202500001,2025-01-30,28,12,4,2,1,3,1,7,2025-01-29 18:59:26,2025-01-30 14:59:26,2025-01-30 13:59:26,13.467119,77.935564,"On 29-Jan-2025, a case of grievous hurt was reported near Mysuru Rural PS. Investigation initiated under 100030012202500001."
438,100080032202400005,202400005,2024-06-23,74,32,1,2,7,24,1,8,2024-06-22 21:16:33,2024-06-23 00:16:33,2024-06-23 16:16:33,14.154862,78.431143,"On 22-Jun-2024, a case of criminal breach of trust was reported near Tumakuru Rural PS. Investigation initiated under 100080032202400005."
439,100020007202500005,202500005,2025-01-19,6,7,1,2,6,22,4,5,2025-01-19 11:05:32,2025-01-19 18:05:32,2025-01-20 05:05:32,13.240444,77.748366,"On 19-Jan-2025, a case of ndps - trafficking was reported near Bengaluru CEN Crime PS. Investigation initiated under 100020007202500005."
440,100030011202600001,202600001,2026-02-12,66,11,2,2,6,21,1,4,2026-02-11 20:30:45,2026-02-12 22:30:45,2026-02-12 12:30:45,13.399318,77.931386,"On 11-Feb-2026, a case of ndps - possession was reported near Mysuru Town PS. Investigation initiated under 100030011202600001."
441,100030012202500005,202500005,2025-05-19,57,12,1,2,1,4,1,4,2025-05-17 17:39:37,2025-05-19 13:39:37,2025-05-18 15:39:37,13.445858,77.897516,"On 17-May-2025, a case of assault was reported near Mysuru Rural PS. Investigation initiated under 100030012202500005."
442,100100041202400004,202400004,2024-07-30,17,41,1,2,6,21,2,1,2024-07-28 22:16:22,2024-07-30 16:16:22,2024-07-29 03:16:22,14.436613,78.573271,"On 28-Jul-2024, a case of ndps - possession was reported near Hubballi-Dharwad CEN Crime PS. Investigation initiated under 100100041202400004."
443,100030011202500005,202500005,2025-09-21,56,11,1,2,8,27,1,7,2025-09-21 13:59:16,2025-09-21 21:59:16,2025-09-22 04:59:16,13.443484,77.940999,"On 21-Sep-2025, a case of unlawful assembly was reported near Mysuru Town PS. Investigation initiated under 100030011202500005."
444,100090037202400001,202400001,2024-07-10,87,37,3,2,8,27,2,6,2024-07-08 08:04:05,2024-07-10 00:04:05,2024-07-09 04:04:05,14.278088,78.488881,"On 08-Jul-2024, a case of unlawful assembly was reported near Shivamogga South PS. Investigation initiated under 100090037202400001."
445,100010004202400003,202400003,2024-06-08,30,4,1,2,4,16,1,6,2024-06-05 22:09:26,2024-06-08 08:09:26,2024-06-06 02:09:26,13.09625,77.690795,"On 05-Jun-2024, a case of child labour was reported near Bengaluru Central PS. Investigation initiated under 100010004202400003."
446,100090036202400004,202400004,2024-08-23,118,36,1,2,4,16,5,8,2024-08-22 01:12:39,2024-08-23 03:12:39,2024-08-22 21:12:39,14.311858,78.526859,"On 22-Aug-2024, a case of child labour was reported near Shivamogga Town PS. Investigation initiated under 100090036202400004."
447,100050017202500004,202500004,2025-10-26,91,17,1,2,2,9,4,2,2025-10-24 19:06:32,2025-10-26 06:06:32,2025-10-25 14:06:32,13.671903,78.069529,"On 24-Oct-2025, a case of criminal trespass was reported near Ballari Central PS. Investigation initiated under 100050017202500004."
448,100030010202600002,202600002,2026-02-12,42,10,1,2,5,17,2,7,2026-02-11 11:02:57,2026-02-12 22:02:57,2026-02-11 19:02:57,13.39493,77.86202,"On 11-Feb-2026, a case of online financial fraud was reported near Mysuru Town PS. Investigation initiated under 100030010202600002."
449,100090035202500001,202500001,2025-12-25,75,35,3,1,2,6,2,8,2025-12-22 22:21:56,2025-12-25 16:21:56,2025-12-23 18:21:56,14.322046,78.543905,"On 22-Dec-2025, a case of robbery was reported near Shivamogga East PS. Investigation initiated under 100090035202500001."
450,100010002202600003,202600003,2026-03-18,108,2,1,2,1,4,2,4,2026-03-16 07:00:54,2026-03-18 20:00:54,2026-03-17 05:00:54,13.08097,77.728859,"On 16-Mar-2026, a case of assault was reported near Bengaluru Town PS. Investigation initiated under 100010002202600003."
